,Team,Unnamed: 0,W,L,W/L%,GB,PS/G,PA/G,SRS,Year
0,Boston Celtics*,0,56,26,.683,—,111.5,105.7,5.22,1991
1,Philadelphia 76ers*,1,44,38,.537,12.0,105.4,105.6,-0.39,1991
2,New York Knicks*,2,39,43,.476,17.0,103.1,103.3,-0.43,1991
3,Washington Bullets,3,30,52,.366,26.0,101.4,106.4,-4.84,1991
4,New Jersey Nets,4,26,56,.317,30.0,102.9,107.5,-4.53,1991
5,Miami Heat,5,24,58,.293,32.0,101.8,107.8,-5.91,1991
6,Central Division,6,Central Division,Central Division,Central Division,Central Division,Central Division,Central Division,Central Division,1991
7,Chicago Bulls*,7,61,21,.744,—,110.0,101.0,8.57,1991
8,Detroit Pistons*,8,50,32,.610,11.0,100.1,96.8,3.08,1991
9,Milwaukee Bucks*,9,48,34,.585,13.0,106.4,104.0,2.33,1991
10,Atlanta Hawks*,10,43,39,.524,18.0,109.8,109.0,0.72,1991
11,Indiana Pacers*,11,41,41,.500,20.0,111.7,112.1,-0.37,1991
12,Cleveland Cavaliers,12,33,49,.402,28.0,101.7,104.2,-2.33,1991
13,Charlotte Hornets,13,26,56,.317,35.0,102.8,108.0,-4.95,1991
14,Midwest Division,0,Midwest Division,Midwest Division,Midwest Division,Midwest Division,Midwest Division,Midwest Division,Midwest Division,1991
15,San Antonio Spurs*,1,55,27,.671,—,107.1,102.6,4.30,1991
16,Utah Jazz*,2,54,28,.659,1.0,104.0,100.7,3.18,1991
17,Houston Rockets*,3,52,30,.634,3.0,106.7,103.2,3.27,1991
18,Orlando Magic,4,31,51,.378,24.0,105.9,109.9,-3.79,1991
19,Minnesota Timberwolves,5,29,53,.354,26.0,99.6,103.5,-3.75,1991
20,Dallas Mavericks,6,28,54,.341,27.0,99.9,104.5,-4.27,1991
21,Denver Nuggets,7,20,62,.244,35.0,119.9,130.8,-10.31,1991
22,Pacific Division,8,Pacific Division,Pacific Division,Pacific Division,Pacific Division,Pacific Division,Pacific Division,Pacific Division,1991
23,Portland Trail Blazers*,9,63,19,.768,—,114.7,106.0,8.47,1991
24,Los Angeles Lakers*,10,58,24,.707,5.0,106.3,99.6,6.73,1991
25,Phoenix Suns*,11,55,27,.671,8.0,114.0,107.5,6.49,1991
26,Golden State Warriors*,12,44,38,.537,19.0,116.6,115.0,1.72,1991
27,Seattle SuperSonics*,13,41,41,.500,22.0,106.6,105.4,1.31,1991
28,Los Angeles Clippers,14,31,51,.378,32.0,103.5,107.0,-3.16,1991
29,Sacramento Kings,15,25,57,.305,38.0,96.7,103.5,-6.27,1991
30,Boston Celtics*,0,51,31,.622,—,106.6,103.0,3.41,1992
31,New York Knicks*,1,51,31,.622,—,101.6,97.7,3.67,1992
32,New Jersey Nets*,2,40,42,.488,11.0,105.4,107.1,-1.54,1992
33,Miami Heat*,3,38,44,.463,13.0,105.0,109.2,-3.94,1992
34,Philadelphia 76ers,4,35,47,.427,16.0,101.9,103.2,-1.34,1992
35,Washington Bullets,5,25,57,.305,26.0,102.4,106.8,-4.35,1992
36,Orlando Magic,6,21,61,.256,30.0,101.6,108.5,-6.52,1992
37,Central Division,7,Central Division,Central Division,Central Division,Central Division,Central Division,Central Division,Central Division,1992
38,Chicago Bulls*,8,67,15,.817,—,109.9,99.5,10.07,1992
39,Cleveland Cavaliers*,9,57,25,.695,10.0,108.9,103.4,5.34,1992
40,Detroit Pistons*,10,48,34,.585,19.0,98.9,96.9,2.06,1992
41,Indiana Pacers*,11,40,42,.488,27.0,112.2,110.3,1.85,1992
42,Atlanta Hawks,12,38,44,.463,29.0,106.2,107.7,-1.15,1992
43,Milwaukee Bucks,13,31,51,.378,36.0,105.0,106.7,-1.46,1992
44,Charlotte Hornets,14,31,51,.378,36.0,109.5,113.4,-3.57,1992
45,Midwest Division,0,Midwest Division,Midwest Division,Midwest Division,Midwest Division,Midwest Division,Midwest Division,Midwest Division,1992
46,Utah Jazz*,1,55,27,.671,—,108.3,101.9,5.70,1992
47,San Antonio Spurs*,2,47,35,.573,8.0,104.0,100.6,2.81,1992
48,Houston Rockets,3,42,40,.512,13.0,102.0,103.7,-1.94,1992
49,Denver Nuggets,4,24,58,.293,31.0,99.7,107.6,-7.59,1992
50,Dallas Mavericks,5,22,60,.268,33.0,97.6,105.3,-7.47,1992
51,Minnesota Timberwolves,6,15,67,.183,40.0,100.5,107.5,-6.85,1992
52,Pacific Division,7,Pacific Division,Pacific Division,Pacific Division,Pacific Division,Pacific Division,Pacific Division,Pacific Division,1992
53,Portland Trail Blazers*,8,57,25,.695,—,111.4,104.1,6.94,1992
54,Golden State Warriors*,9,55,27,.671,2.0,118.7,114.8,3.77,1992
55,Phoenix Suns*,10,53,29,.646,4.0,112.1,106.2,5.68,1992
56,Seattle SuperSonics*,11,47,35,.573,10.0,106.5,104.7,1.86,1992
57,Los Angeles Clippers*,12,45,37,.549,12.0,102.9,101.9,1.10,1992
58,Los Angeles Lakers*,13,43,39,.524,14.0,100.4,101.5,-0.95,1992
59,Sacramento Kings,14,29,53,.354,28.0,104.3,110.3,-5.63,1992
60,New York Knicks*,0,60,22,.732,—,101.6,95.4,5.87,1993
61,Boston Celtics*,1,48,34,.585,12.0,103.7,102.8,0.93,1993
62,New Jersey Nets*,2,43,39,.524,17.0,102.8,101.6,1.20,1993
63,Orlando Magic,3,41,41,.500,19.0,105.5,104.2,1.35,1993
64,Miami Heat,4,36,46,.439,24.0,103.6,104.7,-0.93,1993
65,Philadelphia 76ers,5,26,56,.317,34.0,104.3,110.1,-5.25,1993
66,Washington Bullets,6,22,60,.268,38.0,101.9,108.9,-6.49,1993
67,Central Division,7,Central Division,Central Division,Central Division,Central Division,Central Division,Central Division,Central Division,1993
68,Chicago Bulls*,8,57,25,.695,—,105.2,98.9,6.19,1993
69,Cleveland Cavaliers*,9,54,28,.659,3.0,107.7,101.3,6.30,1993
70,Charlotte Hornets*,10,44,38,.537,13.0,110.1,110.4,-0.02,1993
71,Atlanta Hawks*,11,43,39,.524,14.0,107.5,108.4,-0.67,1993
72,Indiana Pacers*,12,41,41,.500,16.0,107.8,106.1,1.77,1993
73,Detroit Pistons,13,40,42,.488,17.0,100.6,102.0,-1.10,1993
74,Milwaukee Bucks,14,28,54,.341,29.0,102.3,106.1,-3.26,1993
75,Midwest Division,0,Midwest Division,Midwest Division,Midwest Division,Midwest Division,Midwest Division,Midwest Division,Midwest Division,1993
76,Houston Rockets*,1,55,27,.671,—,104.0,99.8,3.57,1993
77,San Antonio Spurs*,2,49,33,.598,6.0,105.5,102.8,2.21,1993
78,Utah Jazz*,3,47,35,.573,8.0,106.2,104.0,1.74,1993
79,Denver Nuggets,4,36,46,.439,19.0,105.2,106.9,-2.14,1993
80,Minnesota Timberwolves,5,19,63,.232,36.0,98.1,105.9,-7.62,1993
81,Dallas Mavericks,6,11,71,.134,44.0,99.3,114.5,-14.68,1993
82,Pacific Division,7,Pacific Division,Pacific Division,Pacific Division,Pacific Division,Pacific Division,Pacific Division,Pacific Division,1993
83,Phoenix Suns*,8,62,20,.756,—,113.4,106.7,6.27,1993
84,Seattle SuperSonics*,9,55,27,.671,7.0,108.3,101.3,6.66,1993
85,Portland Trail Blazers*,10,51,31,.622,11.0,108.5,105.4,2.92,1993
86,Los Angeles Clippers*,11,41,41,.500,21.0,107.1,106.8,0.33,1993
87,Los Angeles Lakers*,12,39,43,.476,23.0,104.2,105.5,-1.20,1993
88,Golden State Warriors,13,34,48,.415,28.0,109.9,110.9,-0.94,1993
89,Sacramento Kings,14,25,57,.305,37.0,107.9,111.1,-3.00,1993
90,New York Knicks*,0,57,25,.695,—,98.5,91.5,6.48,1994
91,Orlando Magic*,1,50,32,.610,7.0,105.7,101.8,3.68,1994
92,New Jersey Nets*,2,45,37,.549,12.0,103.2,101.0,2.11,1994
93,Miami Heat*,3,42,40,.512,15.0,103.4,100.7,2.40,1994
94,Boston Celtics,4,32,50,.390,25.0,100.8,105.1,-4.28,1994
95,Philadelphia 76ers,5,25,57,.305,32.0,98.0,105.6,-7.37,1994
96,Washington Bullets,6,24,58,.293,33.0,100.4,107.7,-7.13,1994
97,Central Division,7,Central Division,Central Division,Central Division,Central Division,Central Division,Central Division,Central Division,1994
98,Atlanta Hawks*,8,57,25,.695,—,101.4,96.2,4.94,1994
99,Chicago Bulls*,9,55,27,.671,2.0,98.0,94.9,2.87,1994
100,Indiana Pacers*,10,47,35,.573,10.0,101.0,97.5,3.26,1994
101,Cleveland Cavaliers*,11,47,35,.573,10.0,101.2,97.1,3.64,1994
102,Charlotte Hornets,12,41,41,.500,16.0,106.5,106.7,-0.23,1994
103,Milwaukee Bucks,13,20,62,.244,37.0,96.9,103.4,-6.24,1994
104,Detroit Pistons,14,20,62,.244,37.0,96.9,104.7,-7.46,1994
105,Midwest Division,0,Midwest Division,Midwest Division,Midwest Division,Midwest Division,Midwest Division,Midwest Division,Midwest Division,1994
106,Houston Rockets*,1,58,24,.707,—,101.1,96.8,4.19,1994
107,San Antonio Spurs*,2,55,27,.671,3.0,100.0,94.8,5.05,1994
108,Utah Jazz*,3,53,29,.646,5.0,101.9,97.7,4.10,1994
109,Denver Nuggets*,4,42,40,.512,16.0,100.3,98.8,1.54,1994
110,Minnesota Timberwolves,5,20,62,.244,38.0,96.7,103.6,-6.55,1994
111,Dallas Mavericks,6,13,69,.159,45.0,95.1,103.8,-8.19,1994
112,Pacific Division,7,Pacific Division,Pacific Division,Pacific Division,Pacific Division,Pacific Division,Pacific Division,Pacific Division,1994
113,Seattle SuperSonics*,8,63,19,.768,—,105.9,96.9,8.68,1994
114,Phoenix Suns*,9,56,26,.683,7.0,108.2,103.4,4.68,1994
115,Golden State Warriors*,10,50,32,.610,13.0,107.9,106.1,1.76,1994
116,Portland Trail Blazers*,11,47,35,.573,16.0,107.3,104.6,2.60,1994
117,Los Angeles Lakers,12,33,49,.402,30.0,100.4,104.7,-3.93,1994
118,Sacramento Kings,13,28,54,.341,35.0,101.1,106.9,-5.32,1994
119,Los Angeles Clippers,14,27,55,.329,36.0,103.0,108.7,-5.28,1994
120,Orlando Magic*,0,57,25,.695,—,110.9,103.8,6.44,1995
121,New York Knicks*,1,55,27,.671,2.0,98.2,95.1,2.78,1995
122,Boston Celtics*,2,35,47,.427,22.0,102.8,104.7,-1.92,1995
123,Miami Heat,3,32,50,.390,25.0,101.1,102.8,-1.85,1995
124,New Jersey Nets,4,30,52,.366,27.0,98.1,101.2,-3.28,1995
125,Philadelphia 76ers,5,24,58,.293,33.0,95.4,100.4,-5.06,1995
126,Washington Bullets,6,21,61,.256,36.0,100.5,106.1,-5.56,1995
127,Central Division,7,Central Division,Central Division,Central Division,Central Division,Central Division,Central Division,Central Division,1995
128,Indiana Pacers*,8,52,30,.634,—,99.2,95.5,3.35,1995
129,Charlotte Hornets*,9,50,32,.610,2.0,100.6,97.3,2.87,1995
130,Chicago Bulls*,10,47,35,.573,5.0,101.5,96.7,4.32,1995
131,Cleveland Cavaliers*,11,43,39,.524,9.0,90.5,89.8,0.55,1995
132,Atlanta Hawks*,12,42,40,.512,10.0,96.6,95.3,1.06,1995
133,Milwaukee Bucks,13,34,48,.415,18.0,99.3,103.7,-4.30,1995
134,Detroit Pistons,14,28,54,.341,24.0,98.2,105.5,-7.08,1995
135,Midwest Division,0,Midwest Division,Midwest Division,Midwest Division,Midwest Division,Midwest Division,Midwest Division,Midwest Division,1995
136,San Antonio Spurs*,1,62,20,.756,—,106.6,100.6,5.90,1995
137,Utah Jazz*,2,60,22,.732,2.0,106.4,98.4,7.76,1995
138,Houston Rockets*,3,47,35,.573,15.0,103.5,101.4,2.32,1995
139,Denver Nuggets*,4,41,41,.500,21.0,101.3,100.5,0.96,1995
140,Dallas Mavericks,5,36,46,.439,26.0,103.2,106.1,-2.39,1995
141,Minnesota Timberwolves,6,21,61,.256,41.0,94.2,103.2,-8.22,1995
142,Pacific Division,7,Pacific Division,Pacific Division,Pacific Division,Pacific Division,Pacific Division,Pacific Division,Pacific Division,1995
143,Phoenix Suns*,8,59,23,.720,—,110.6,106.8,3.86,1995
144,Seattle SuperSonics*,9,57,25,.695,2.0,110.4,102.2,7.91,1995
145,Los Angeles Lakers*,10,48,34,.585,11.0,105.1,105.3,-0.01,1995
146,Portland Trail Blazers*,11,44,38,.537,15.0,103.1,99.2,3.80,1995
147,Sacramento Kings,12,39,43,.476,20.0,98.2,99.2,-0.74,1995
148,Golden State Warriors,13,26,56,.317,33.0,105.7,111.1,-4.90,1995
149,Los Angeles Clippers,14,17,65,.207,42.0,96.7,105.8,-8.43,1995
150,Orlando Magic*,0,60,22,.732,—,104.5,99.0,5.40,1996
151,New York Knicks*,1,47,35,.573,13.0,97.2,94.9,2.24,1996
152,Miami Heat*,2,42,40,.512,18.0,96.5,95.0,1.46,1996
153,Washington Bullets,3,39,43,.476,21.0,102.5,101.5,0.99,1996
154,Boston Celtics,4,33,49,.402,27.0,103.6,107.0,-3.37,1996
155,New Jersey Nets,5,30,52,.366,30.0,93.7,97.9,-4.14,1996
156,Philadelphia 76ers,6,18,64,.220,42.0,94.5,104.5,-9.45,1996
157,Central Division,7,Central Division,Central Division,Central Division,Central Division,Central Division,Central Division,Central Division,1996
158,Chicago Bulls*,8,72,10,.878,—,105.2,92.9,11.80,1996
159,Indiana Pacers*,9,52,30,.634,20.0,99.3,96.1,3.11,1996
160,Cleveland Cavaliers*,10,47,35,.573,25.0,91.1,88.5,2.49,1996
161,Atlanta Hawks*,11,46,36,.561,26.0,98.3,97.1,1.29,1996
162,Detroit Pistons*,12,46,36,.561,26.0,95.4,92.9,2.45,1996
163,Charlotte Hornets,13,41,41,.500,31.0,102.8,103.4,-0.48,1996
164,Milwaukee Bucks,14,25,57,.305,47.0,95.6,100.9,-4.92,1996
165,Toronto Raptors,15,21,61,.256,51.0,97.5,105.0,-7.20,1996
166,Midwest Division,0,Midwest Division,Midwest Division,Midwest Division,Midwest Division,Midwest Division,Midwest Division,Midwest Division,1996
167,San Antonio Spurs*,1,59,23,.720,—,103.4,97.1,5.98,1996
168,Utah Jazz*,2,55,27,.671,4.0,102.5,95.9,6.25,1996
169,Houston Rockets*,3,48,34,.585,11.0,102.5,100.7,1.63,1996
170,Denver Nuggets,4,35,47,.427,24.0,97.7,100.4,-2.62,1996
171,Minnesota Timberwolves,5,26,56,.317,33.0,97.9,103.2,-5.14,1996
172,Dallas Mavericks,6,26,56,.317,33.0,102.5,107.5,-4.71,1996
173,Vancouver Grizzlies,7,15,67,.183,44.0,89.8,99.8,-9.55,1996
174,Pacific Division,8,Pacific Division,Pacific Division,Pacific Division,Pacific Division,Pacific Division,Pacific Division,Pacific Division,1996
175,Seattle SuperSonics*,9,64,18,.780,—,104.5,96.7,7.40,1996
176,Los Angeles Lakers*,10,53,29,.646,11.0,102.9,98.5,4.21,1996
177,Portland Trail Blazers*,11,44,38,.537,20.0,99.3,97.0,2.21,1996
178,Phoenix Suns*,12,41,41,.500,23.0,104.3,104.0,0.28,1996
179,Sacramento Kings*,13,39,43,.476,25.0,99.5,102.3,-2.62,1996
180,Golden State Warriors,14,36,46,.439,28.0,101.6,103.1,-1.42,1996
181,Los Angeles Clippers,15,29,53,.354,35.0,99.4,103.0,-3.46,1996
182,Miami Heat*,0,61,21,.744,—,94.8,89.3,5.56,1997
183,New York Knicks*,1,57,25,.695,4.0,95.4,92.2,3.31,1997
184,Orlando Magic*,2,45,37,.549,16.0,94.1,94.5,-0.07,1997
185,Washington Bullets*,3,44,38,.537,17.0,99.4,97.7,1.77,1997
186,New Jersey Nets,4,26,56,.317,35.0,97.2,101.8,-3.89,1997
187,Philadelphia 76ers,5,22,60,.268,39.0,100.2,106.7,-5.89,1997
188,Boston Celtics,6,15,67,.183,46.0,100.6,107.9,-6.62,1997
189,Central Division,7,Central Division,Central Division,Central Division,Central Division,Central Division,Central Division,Central Division,1997
190,Chicago Bulls*,8,69,13,.841,—,103.1,92.3,10.70,1997
191,Atlanta Hawks*,9,56,26,.683,13.0,94.8,89.4,5.52,1997
192,Detroit Pistons*,10,54,28,.659,15.0,94.2,88.9,5.45,1997
193,Charlotte Hornets*,11,54,28,.659,15.0,98.9,97.0,2.13,1997
194,Cleveland Cavaliers,12,42,40,.512,27.0,87.5,85.6,2.32,1997
195,Indiana Pacers,13,39,43,.476,30.0,95.4,94.4,1.49,1997
196,Milwaukee Bucks,14,33,49,.402,36.0,95.3,97.2,-1.38,1997
197,Toronto Raptors,15,30,52,.366,39.0,95.5,98.6,-2.56,1997
198,Midwest Division,0,Midwest Division,Midwest Division,Midwest Division,Midwest Division,Midwest Division,Midwest Division,Midwest Division,1997
199,Utah Jazz*,1,64,18,.780,—,103.1,94.3,7.97,1997
200,Houston Rockets*,2,57,25,.695,7.0,100.6,96.1,3.85,1997
201,Minnesota Timberwolves*,3,40,42,.488,24.0,96.1,97.6,-1.82,1997
202,Dallas Mavericks,4,24,58,.293,40.0,90.6,97.0,-6.47,1997
203,Denver Nuggets,5,21,61,.256,43.0,97.8,104.1,-6.40,1997
204,San Antonio Spurs,6,20,62,.244,44.0,90.5,98.3,-7.93,1997
205,Vancouver Grizzlies,7,14,68,.171,50.0,89.2,99.4,-10.17,1997
206,Pacific Division,8,Pacific Division,Pacific Division,Pacific Division,Pacific Division,Pacific Division,Pacific Division,Pacific Division,1997
207,Seattle SuperSonics*,9,57,25,.695,—,100.9,93.2,6.91,1997
208,Los Angeles Lakers*,10,56,26,.683,1.0,100.0,95.7,3.66,1997
209,Portland Trail Blazers*,11,49,33,.598,8.0,99.0,94.8,3.56,1997
210,Phoenix Suns*,12,40,42,.488,17.0,102.8,102.2,0.21,1997
211,Los Angeles Clippers*,13,36,46,.439,21.0,97.2,99.5,-2.66,1997
212,Sacramento Kings,14,34,48,.415,23.0,96.4,99.8,-3.64,1997
213,Golden State Warriors,15,30,52,.366,27.0,99.6,104.4,-4.90,1997
214,Miami Heat*,0,55,27,.671,—,95.0,90.0,5.09,1998
215,New York Knicks*,1,43,39,.524,12.0,91.6,89.1,2.74,1998
216,New Jersey Nets*,2,43,39,.524,12.0,99.6,98.1,1.88,1998
217,Washington Wizards,3,42,40,.512,13.0,97.2,96.6,1.11,1998
218,Orlando Magic,4,41,41,.500,14.0,90.1,91.2,-0.53,1998
219,Boston Celtics,5,36,46,.439,19.0,95.9,98.5,-1.96,1998
220,Philadelphia 76ers,6,31,51,.378,24.0,93.3,95.7,-1.89,1998
221,Central Division,7,Central Division,Central Division,Central Division,Central Division,Central Division,Central Division,Central Division,1998
222,Chicago Bulls*,8,62,20,.756,—,96.7,89.6,7.24,1998
223,Indiana Pacers*,9,58,24,.707,4.0,96.0,89.9,6.25,1998
224,Charlotte Hornets*,10,51,31,.622,11.0,96.6,94.6,2.45,1998
225,Atlanta Hawks*,11,50,32,.610,12.0,95.9,92.3,3.85,1998
226,Cleveland Cavaliers*,12,47,35,.573,15.0,92.5,89.8,3.06,1998
227,Detroit Pistons,13,37,45,.451,25.0,94.2,92.6,1.95,1998
228,Milwaukee Bucks,14,36,46,.439,26.0,94.5,96.4,-1.33,1998
229,Toronto Raptors,15,16,66,.195,46.0,94.9,104.2,-8.33,1998
230,Midwest Division,0,Midwest Division,Midwest Division,Midwest Division,Midwest Division,Midwest Division,Midwest Division,Midwest Division,1998
231,Utah Jazz*,1,62,20,.756,—,101.0,94.4,5.73,1998
232,San Antonio Spurs*,2,56,26,.683,6.0,92.5,88.5,3.30,1998
233,Minnesota Timberwolves*,3,45,37,.549,17.0,101.1,100.4,0.17,1998
234,Houston Rockets*,4,41,41,.500,21.0,98.8,99.5,-1.23,1998
235,Dallas Mavericks,5,20,62,.244,42.0,91.4,97.5,-6.33,1998
236,Vancouver Grizzlies,6,19,63,.232,43.0,96.6,103.9,-7.47,1998
237,Denver Nuggets,7,11,71,.134,51.0,89.0,100.8,-11.74,1998
238,Pacific Division,8,Pacific Division,Pacific Division,Pacific Division,Pacific Division,Pacific Division,Pacific Division,Pacific Division,1998
239,Seattle SuperSonics*,9,61,21,.744,—,100.6,93.4,6.33,1998
240,Los Angeles Lakers*,10,61,21,.744,—,105.5,97.8,6.88,1998
241,Phoenix Suns*,11,56,26,.683,5.0,99.6,94.4,4.44,1998
242,Portland Trail Blazers*,12,46,36,.561,15.0,94.3,92.9,0.83,1998
243,Sacramento Kings,13,27,55,.329,34.0,93.1,98.7,-5.83,1998
244,Golden State Warriors,14,19,63,.232,42.0,88.3,97.4,-9.20,1998
245,Los Angeles Clippers,15,17,65,.207,44.0,95.9,103.3,-7.53,1998
246,Miami Heat*,0,33,17,.660,—,89.0,84.0,5.11,1999
247,Orlando Magic*,1,33,17,.660,—,89.5,86.9,3.11,1999
248,Philadelphia 76ers*,2,28,22,.560,5.0,89.7,87.6,2.56,1999
249,New York Knicks*,3,27,23,.540,6.0,86.4,85.4,1.45,1999
250,Boston Celtics,4,19,31,.380,14.0,93.0,94.9,-1.75,1999
251,Washington Wizards,5,18,32,.360,15.0,91.2,93.4,-1.75,1999
252,New Jersey Nets,6,16,34,.320,17.0,91.4,95.2,-3.20,1999
253,Central Division,7,Central Division,Central Division,Central Division,Central Division,Central Division,Central Division,Central Division,1999
254,Indiana Pacers*,8,33,17,.660,—,94.7,90.9,3.86,1999
255,Atlanta Hawks*,9,31,19,.620,2.0,86.3,83.4,2.82,1999
256,Detroit Pistons*,10,29,21,.580,4.0,90.4,86.9,3.97,1999
257,Milwaukee Bucks*,11,28,22,.560,5.0,91.7,90.0,1.66,1999
258,Charlotte Hornets,12,26,24,.520,7.0,92.9,93.0,0.63,1999
259,Toronto Raptors,13,23,27,.460,10.0,91.1,92.8,-1.32,1999
260,Cleveland Cavaliers,14,22,28,.440,11.0,86.4,88.2,-0.94,1999
261,Chicago Bulls,15,13,37,.260,20.0,81.9,91.4,-8.58,1999
262,Midwest Division,0,Midwest Division,Midwest Division,Midwest Division,Midwest Division,Midwest Division,Midwest Division,Midwest Division,1999
263,San Antonio Spurs*,1,37,13,.740,—,92.8,84.7,7.12,1999
264,Utah Jazz*,2,37,13,.740,—,93.3,86.8,5.54,1999
265,Houston Rockets*,3,31,19,.620,6.0,94.2,91.9,1.39,1999
266,Minnesota Timberwolves*,4,25,25,.500,12.0,92.9,92.6,-0.17,1999
267,Dallas Mavericks,5,19,31,.380,18.0,91.6,94.0,-2.50,1999
268,Denver Nuggets,6,14,36,.280,23.0,93.5,100.1,-6.67,1999
269,Vancouver Grizzlies,7,8,42,.160,29.0,88.9,97.5,-8.94,1999
270,Pacific Division,8,Pacific Division,Pacific Division,Pacific Division,Pacific Division,Pacific Division,Pacific Division,Pacific Division,1999
271,Portland Trail Blazers*,9,35,15,.700,—,94.8,88.5,5.67,1999
272,Los Angeles Lakers*,10,31,19,.620,4.0,99.0,96.0,2.68,1999
273,Phoenix Suns*,11,27,23,.540,8.0,95.6,93.3,2.15,1999
274,Sacramento Kings*,12,27,23,.540,8.0,100.2,100.6,-0.89,1999
275,Seattle SuperSonics,13,25,25,.500,10.0,94.9,95.9,-1.43,1999
276,Golden State Warriors,14,21,29,.420,14.0,88.3,90.8,-2.63,1999
277,Los Angeles Clippers,15,9,41,.180,26.0,90.4,99.2,-8.94,1999
278,Miami Heat*,0,52,30,.634,—,94.4,91.3,2.75,2000
279,New York Knicks*,1,50,32,.610,2.0,92.1,90.7,1.30,2000
280,Philadelphia 76ers*,2,49,33,.598,3.0,94.8,93.4,1.02,2000
281,Orlando Magic,3,41,41,.500,11.0,100.1,99.4,0.43,2000
282,Boston Celtics,4,35,47,.427,17.0,99.3,100.1,-1.00,2000
283,New Jersey Nets,5,31,51,.378,21.0,98.0,99.0,-1.18,2000
284,Washington Wizards,6,29,53,.354,23.0,96.6,99.9,-3.47,2000
285,Central Division,7,Central Division,Central Division,Central Division,Central Division,Central Division,Central Division,Central Division,2000
286,Indiana Pacers*,8,56,26,.683,—,101.3,96.7,4.15,2000
287,Charlotte Hornets*,9,49,33,.598,7.0,98.4,95.8,2.33,2000
288,Toronto Raptors*,10,45,37,.549,11.0,97.2,97.3,-0.46,2000
289,Detroit Pistons*,11,42,40,.512,14.0,103.5,102.0,1.13,2000
290,Milwaukee Bucks*,12,42,40,.512,14.0,101.2,101.0,-0.06,2000
291,Cleveland Cavaliers,13,32,50,.390,24.0,97.0,100.5,-3.64,2000
292,Atlanta Hawks,14,28,54,.341,28.0,94.3,99.7,-5.41,2000
293,Chicago Bulls,15,17,65,.207,39.0,84.8,94.2,-9.23,2000
294,Midwest Division,0,Midwest Division,Midwest Division,Midwest Division,Midwest Division,Midwest Division,Midwest Division,Midwest Division,2000
295,Utah Jazz*,1,55,27,.671,—,96.5,92.0,4.52,2000
296,San Antonio Spurs*,2,53,29,.646,2.0,96.2,90.2,5.92,2000
297,Minnesota Timberwolves*,3,50,32,.610,5.0,98.5,96.0,2.67,2000
298,Dallas Mavericks,4,40,42,.488,15.0,101.4,102.0,-0.29,2000
299,Denver Nuggets,5,35,47,.427,20.0,99.0,101.1,-1.76,2000
300,Houston Rockets,6,34,48,.415,21.0,99.5,100.3,-0.57,2000
301,Vancouver Grizzlies,7,22,60,.268,33.0,93.9,99.5,-5.10,2000
302,Pacific Division,8,Pacific Division,Pacific Division,Pacific Division,Pacific Division,Pacific Division,Pacific Division,Pacific Division,2000
303,Los Angeles Lakers*,9,67,15,.817,—,100.8,92.3,8.41,2000
304,Portland Trail Blazers*,10,59,23,.720,8.0,97.5,91.0,6.36,2000
305,Phoenix Suns*,11,53,29,.646,14.0,98.9,93.7,5.24,2000
306,Seattle SuperSonics*,12,45,37,.549,22.0,99.1,98.1,1.17,2000
307,Sacramento Kings*,13,44,38,.537,23.0,105.0,102.0,3.04,2000
308,Golden State Warriors,14,19,63,.232,48.0,95.5,103.8,-7.63,2000
309,Los Angeles Clippers,15,15,67,.183,52.0,92.0,103.5,-10.73,2000
310,Philadelphia 76ers*,0,56,26,.683,—,94.7,90.4,3.64,2001
311,Miami Heat*,1,50,32,.610,6.0,88.9,86.6,1.73,2001
312,New York Knicks*,2,48,34,.585,8.0,88.7,86.1,1.98,2001
313,Orlando Magic*,3,43,39,.524,13.0,97.5,96.5,0.39,2001
314,Boston Celtics,4,36,46,.439,20.0,94.6,96.8,-2.40,2001
315,New Jersey Nets,5,26,56,.317,30.0,92.1,97.1,-5.30,2001
316,Washington Wizards,6,19,63,.232,37.0,93.2,99.9,-6.75,2001
317,Central Division,7,Central Division,Central Division,Central Division,Central Division,Central Division,Central Division,Central Division,2001
318,Milwaukee Bucks*,8,52,30,.634,—,100.7,96.9,3.14,2001
319,Toronto Raptors*,9,47,35,.573,5.0,97.6,95.4,1.69,2001
320,Charlotte Hornets*,10,46,36,.561,6.0,91.9,89.8,1.45,2001
321,Indiana Pacers*,11,41,41,.500,11.0,92.6,92.8,-0.77,2001
322,Detroit Pistons,12,32,50,.390,20.0,95.6,97.3,-2.08,2001
323,Cleveland Cavaliers,13,30,52,.366,22.0,92.2,96.5,-4.48,2001
324,Atlanta Hawks,14,25,57,.305,27.0,91.0,96.2,-5.55,2001
325,Chicago Bulls,15,15,67,.183,37.0,87.6,96.7,-9.09,2001
326,Midwest Division,0,Midwest Division,Midwest Division,Midwest Division,Midwest Division,Midwest Division,Midwest Division,Midwest Division,2001
327,San Antonio Spurs*,1,58,24,.707,—,96.2,88.4,7.92,2001
328,Utah Jazz*,2,53,29,.646,5.0,97.1,92.4,5.00,2001
329,Dallas Mavericks*,3,53,29,.646,5.0,100.5,96.2,4.61,2001
330,Minnesota Timberwolves*,4,47,35,.573,11.0,97.3,96.0,1.81,2001
331,Houston Rockets,5,45,37,.549,13.0,97.2,94.9,2.71,2001
332,Denver Nuggets,6,40,42,.488,18.0,96.6,99.0,-1.83,2001
333,Vancouver Grizzlies,7,23,59,.280,35.0,91.7,97.5,-4.94,2001
334,Pacific Division,8,Pacific Division,Pacific Division,Pacific Division,Pacific Division,Pacific Division,Pacific Division,Pacific Division,2001
335,Los Angeles Lakers*,9,56,26,.683,—,100.6,97.2,3.74,2001
336,Sacramento Kings*,10,55,27,.671,1.0,101.7,95.9,6.07,2001
337,Phoenix Suns*,11,51,31,.622,5.0,94.0,91.8,2.63,2001
338,Portland Trail Blazers*,12,50,32,.610,6.0,95.4,91.2,4.52,2001
339,Seattle SuperSonics,13,44,38,.537,12.0,97.3,97.3,0.55,2001
340,Los Angeles Clippers,14,31,51,.378,25.0,92.5,95.3,-2.23,2001
341,Golden State Warriors,15,17,65,.207,39.0,92.5,101.5,-8.11,2001
342,New Jersey Nets*,0,52,30,.634,—,96.2,92.0,3.67,2002
343,Boston Celtics*,1,49,33,.598,3.0,96.4,94.1,1.75,2002
344,Orlando Magic*,2,44,38,.537,8.0,100.5,98.9,1.25,2002
345,Philadelphia 76ers*,3,43,39,.524,9.0,91.0,89.4,1.27,2002
346,Washington Wizards,4,37,45,.451,15.0,92.8,94.2,-1.58,2002
347,Miami Heat,5,36,46,.439,16.0,87.2,88.7,-1.84,2002
348,New York Knicks,6,30,52,.366,22.0,91.6,95.6,-4.15,2002
349,Central Division,7,Central Division,Central Division,Central Division,Central Division,Central Division,Central Division,Central Division,2002
350,Detroit Pistons*,8,50,32,.610,—,94.3,92.2,1.69,2002
351,Charlotte Hornets*,9,44,38,.537,6.0,93.9,92.9,0.57,2002
352,Toronto Raptors*,10,42,40,.512,8.0,91.4,91.8,-0.71,2002
353,Indiana Pacers*,11,42,40,.512,8.0,96.8,96.5,-0.07,2002
354,Milwaukee Bucks,12,41,41,.500,9.0,97.5,97.7,-0.62,2002
355,Atlanta Hawks,13,33,49,.402,17.0,94.0,98.3,-4.41,2002
356,Cleveland Cavaliers,14,29,53,.354,21.0,95.3,98.6,-3.52,2002
357,Chicago Bulls,15,21,61,.256,29.0,89.5,98.0,-8.52,2002
358,Midwest Division,0,Midwest Division,Midwest Division,Midwest Division,Midwest Division,Midwest Division,Midwest Division,Midwest Division,2002
359,San Antonio Spurs*,1,58,24,.707,—,96.7,90.5,6.28,2002
360,Dallas Mavericks*,2,57,25,.695,1.0,105.2,101.0,4.41,2002
361,Minnesota Timberwolves*,3,50,32,.610,8.0,99.3,96.0,3.58,2002
362,Utah Jazz*,4,44,38,.537,14.0,96.0,95.1,1.21,2002
363,Houston Rockets,5,28,54,.341,30.0,92.3,97.2,-4.31,2002
364,Denver Nuggets,6,27,55,.329,31.0,92.2,98.0,-5.19,2002
365,Memphis Grizzlies,7,23,59,.280,35.0,89.9,97.3,-6.74,2002
366,Pacific Division,8,Pacific Division,Pacific Division,Pacific Division,Pacific Division,Pacific Division,Pacific Division,Pacific Division,2002
367,Sacramento Kings*,9,61,21,.744,—,104.6,97.0,7.61,2002
368,Los Angeles Lakers*,10,58,24,.707,3.0,101.3,94.1,7.15,2002
369,Portland Trail Blazers*,11,49,33,.598,12.0,96.6,93.7,3.21,2002
370,Seattle SuperSonics*,12,45,37,.549,16.0,97.7,94.7,3.24,2002
371,Los Angeles Clippers,13,39,43,.476,22.0,95.7,96.1,-0.09,2002
372,Phoenix Suns,14,36,46,.439,25.0,95.1,95.8,-0.30,2002
373,Golden State Warriors,15,21,61,.256,40.0,97.7,103.1,-4.80,2002
374,New Jersey Nets*,0,49,33,.598,—,95.4,90.1,4.42,2003
375,Philadelphia 76ers*,1,48,34,.585,1.0,96.8,94.5,1.76,2003
376,Boston Celtics*,2,44,38,.537,5.0,92.7,93.1,-0.75,2003
377,Orlando Magic*,3,42,40,.512,7.0,98.5,98.4,-0.39,2003
378,Washington Wizards,4,37,45,.451,12.0,91.5,92.5,-1.47,2003
379,New York Knicks,5,37,45,.451,12.0,95.9,97.2,-1.61,2003
380,Miami Heat,6,25,57,.305,24.0,85.6,90.6,-5.13,2003
381,Central Division,7,Central Division,Central Division,Central Division,Central Division,Central Division,Central Division,Central Division,2003
382,Detroit Pistons*,8,50,32,.610,—,91.4,87.7,2.97,2003
383,Indiana Pacers*,9,48,34,.585,2.0,96.8,93.3,2.79,2003
384,New Orleans Hornets*,10,47,35,.573,3.0,93.9,91.8,1.52,2003
385,Milwaukee Bucks*,11,42,40,.512,8.0,99.5,99.3,-0.24,2003
386,Atlanta Hawks,12,35,47,.427,15.0,94.1,97.6,-3.87,2003
387,Chicago Bulls,13,30,52,.366,20.0,95.0,100.1,-5.31,2003
388,Toronto Raptors,14,24,58,.293,26.0,90.9,96.8,-6.10,2003
389,Cleveland Cavaliers,15,17,65,.207,33.0,91.4,101.0,-9.59,2003
390,Midwest Division,0,Midwest Division,Midwest Division,Midwest Division,Midwest Division,Midwest Division,Midwest Division,Midwest Division,2003
391,San Antonio Spurs*,1,60,22,.732,—,95.8,90.4,5.65,2003
392,Dallas Mavericks*,2,60,22,.732,—,103.0,95.2,7.90,2003
393,Minnesota Timberwolves*,3,51,31,.622,9.0,98.1,96.0,2.46,2003
394,Utah Jazz*,4,47,35,.573,13.0,94.7,92.3,2.76,2003
395,Houston Rockets,5,43,39,.524,17.0,93.8,92.3,1.89,2003
396,Memphis Grizzlies,6,28,54,.341,32.0,97.5,100.7,-2.60,2003
397,Denver Nuggets,7,17,65,.207,43.0,84.2,92.4,-7.41,2003
398,Pacific Division,8,Pacific Division,Pacific Division,Pacific Division,Pacific Division,Pacific Division,Pacific Division,Pacific Division,2003
399,Sacramento Kings*,9,59,23,.720,—,101.7,95.2,6.68,2003
400,Los Angeles Lakers*,10,50,32,.610,9.0,100.4,98.0,2.71,2003
401,Portland Trail Blazers*,11,50,32,.610,9.0,95.2,92.5,2.97,2003
402,Phoenix Suns*,12,44,38,.537,15.0,95.5,94.4,1.57,2003
403,Seattle SuperSonics,13,40,42,.488,19.0,92.1,92.3,0.37,2003
404,Golden State Warriors,14,38,44,.463,21.0,102.4,103.6,-0.60,2003
405,Los Angeles Clippers,15,27,55,.329,32.0,93.8,97.9,-3.45,2003
406,New Jersey Nets*,0,47,35,.573,—,90.3,87.8,1.88,2004
407,Miami Heat*,1,42,40,.512,5.0,90.3,89.7,-0.13,2004
408,New York Knicks*,2,39,43,.476,8.0,92.0,93.5,-1.97,2004
409,Boston Celtics*,3,36,46,.439,11.0,95.3,96.7,-1.99,2004
410,Philadelphia 76ers,4,33,49,.402,14.0,88.0,90.5,-2.95,2004
411,Washington Wizards,5,25,57,.305,22.0,91.8,97.4,-6.12,2004
412,Orlando Magic,6,21,61,.256,26.0,94.0,101.1,-7.25,2004
413,Central Division,7,Central Division,Central Division,Central Division,Central Division,Central Division,Central Division,Central Division,2004
414,Indiana Pacers*,8,61,21,.744,—,91.4,85.6,4.93,2004
415,Detroit Pistons*,9,54,28,.659,7.0,90.1,84.3,5.04,2004
416,New Orleans Hornets*,10,41,41,.500,20.0,91.8,91.9,-0.72,2004
417,Milwaukee Bucks*,11,41,41,.500,20.0,98.0,97.0,0.42,2004
418,Cleveland Cavaliers,12,35,47,.427,26.0,92.9,95.5,-3.07,2004
419,Toronto Raptors,13,33,49,.402,28.0,85.4,88.5,-3.42,2004
420,Atlanta Hawks,14,28,54,.341,33.0,92.8,97.5,-5.00,2004
421,Chicago Bulls,15,23,59,.280,38.0,89.7,96.0,-6.69,2004
422,Midwest Division,0,Midwest Division,Midwest Division,Midwest Division,Midwest Division,Midwest Division,Midwest Division,Midwest Division,2004
423,Minnesota Timberwolves*,1,58,24,.707,—,94.5,89.1,5.86,2004
424,San Antonio Spurs*,2,57,25,.695,1.0,91.5,84.3,7.51,2004
425,Dallas Mavericks*,3,52,30,.634,6.0,105.2,100.8,4.86,2004
426,Memphis Grizzlies*,4,50,32,.610,8.0,96.7,94.3,2.95,2004
427,Houston Rockets*,5,45,37,.549,13.0,89.8,88.0,2.28,2004
428,Denver Nuggets*,6,43,39,.524,15.0,97.2,96.1,1.65,2004
429,Utah Jazz,7,42,40,.512,16.0,88.7,89.9,-0.53,2004
430,Pacific Division,8,Pacific Division,Pacific Division,Pacific Division,Pacific Division,Pacific Division,Pacific Division,Pacific Division,2004
431,Los Angeles Lakers*,9,56,26,.683,—,98.2,94.3,4.35,2004
432,Sacramento Kings*,10,55,27,.671,1.0,102.8,97.8,5.41,2004
433,Portland Trail Blazers,11,41,41,.500,15.0,90.7,92.0,-0.58,2004
434,Golden State Warriors,12,37,45,.451,19.0,93.3,94.0,-0.07,2004
435,Seattle SuperSonics,13,37,45,.451,19.0,97.1,97.8,0.02,2004
436,Phoenix Suns,14,29,53,.354,27.0,94.2,97.9,-2.94,2004
437,Los Angeles Clippers,15,28,54,.341,28.0,94.8,99.4,-3.74,2004
438,Boston Celtics*,0,45,37,.549,—,101.3,100.4,0.35,2005
439,Philadelphia 76ers*,1,43,39,.524,2.0,99.1,99.9,-1.07,2005
440,New Jersey Nets*,2,42,40,.512,3.0,91.4,92.9,-1.82,2005
441,Toronto Raptors,3,33,49,.402,12.0,99.7,101.4,-1.81,2005
442,New York Knicks,4,33,49,.402,12.0,97.3,99.7,-2.72,2005
443,Central Division,5,Central Division,Central Division,Central Division,Central Division,Central Division,Central Division,Central Division,2005
444,Detroit Pistons*,6,54,28,.659,—,93.3,89.5,3.31,2005
445,Chicago Bulls*,7,47,35,.573,7.0,94.5,93.4,0.65,2005
446,Indiana Pacers*,8,44,38,.537,10.0,93.0,92.2,0.49,2005
447,Cleveland Cavaliers,9,42,40,.512,12.0,96.5,95.7,0.27,2005
448,Milwaukee Bucks,10,30,52,.366,24.0,97.2,100.2,-3.09,2005
449,Southeast Division,11,Southeast Division,Southeast Division,Southeast Division,Southeast Division,Southeast Division,Southeast Division,Southeast Division,2005
450,Miami Heat*,12,59,23,.720,—,101.5,95.0,5.77,2005
451,Washington Wizards*,13,45,37,.549,14.0,100.5,100.8,-0.71,2005
452,Orlando Magic,14,36,46,.439,23.0,99.5,101.8,-2.52,2005
453,Charlotte Bobcats,15,18,64,.220,41.0,94.3,100.2,-6.15,2005
454,Atlanta Hawks,16,13,69,.159,46.0,92.7,102.5,-9.62,2005
455,Northwest Division,0,Northwest Division,Northwest Division,Northwest Division,Northwest Division,Northwest Division,Northwest Division,Northwest Division,2005
456,Seattle SuperSonics*,1,52,30,.634,—,98.9,96.6,2.59,2005
457,Denver Nuggets*,2,49,33,.598,3.0,99.5,97.5,2.23,2005
458,Minnesota Timberwolves,3,44,38,.537,8.0,96.8,95.3,1.73,2005
459,Portland Trail Blazers,4,27,55,.329,25.0,92.9,96.9,-3.45,2005
460,Utah Jazz,5,26,56,.317,26.0,93.0,97.3,-3.74,2005
461,Pacific Division,6,Pacific Division,Pacific Division,Pacific Division,Pacific Division,Pacific Division,Pacific Division,Pacific Division,2005
462,Phoenix Suns*,7,62,20,.756,—,110.4,103.3,7.08,2005
463,Sacramento Kings*,8,50,32,.610,12.0,103.7,101.6,2.56,2005
464,Los Angeles Clippers,9,37,45,.451,25.0,95.7,96.5,-0.47,2005
465,Los Angeles Lakers,10,34,48,.415,28.0,98.7,101.7,-2.32,2005
466,Golden State Warriors,11,34,48,.415,28.0,98.7,100.9,-1.74,2005
467,Southwest Division,12,Southwest Division,Southwest Division,Southwest Division,Southwest Division,Southwest Division,Southwest Division,Southwest Division,2005
468,San Antonio Spurs*,13,59,23,.720,—,96.2,88.4,7.84,2005
469,Dallas Mavericks*,14,58,24,.707,1.0,102.5,96.8,5.86,2005
470,Houston Rockets*,15,51,31,.622,8.0,95.1,91.0,4.27,2005
471,Memphis Grizzlies*,16,45,37,.549,14.0,93.4,91.1,2.64,2005
472,New Orleans Hornets,17,18,64,.220,41.0,88.4,95.5,-6.30,2005
473,New Jersey Nets*,0,49,33,.598,—,93.8,92.4,1.11,2006
474,Philadelphia 76ers,1,38,44,.463,11.0,99.4,101.3,-2.10,2006
475,Boston Celtics,2,33,49,.402,16.0,98.0,99.5,-1.59,2006
476,Toronto Raptors,3,27,55,.329,22.0,101.1,104.0,-3.03,2006
477,New York Knicks,4,23,59,.280,26.0,95.6,102.0,-6.30,2006
478,Central Division,5,Central Division,Central Division,Central Division,Central Division,Central Division,Central Division,Central Division,2006
479,Detroit Pistons*,6,64,18,.780,—,96.8,90.2,6.24,2006
480,Cleveland Cavaliers*,7,50,32,.610,14.0,97.6,95.4,2.17,2006
481,Indiana Pacers*,8,41,41,.500,23.0,93.9,92.0,1.62,2006
482,Chicago Bulls*,9,41,41,.500,23.0,97.8,97.2,0.51,2006
483,Milwaukee Bucks*,10,40,42,.488,24.0,97.8,98.8,-1.07,2006
484,Southeast Division,11,Southeast Division,Southeast Division,Southeast Division,Southeast Division,Southeast Division,Southeast Division,Southeast Division,2006
485,Miami Heat*,12,52,30,.634,—,99.9,96.0,3.59,2006
486,Washington Wizards*,13,42,40,.512,10.0,101.7,99.8,1.57,2006
487,Orlando Magic,14,36,46,.439,16.0,94.9,96.0,-1.26,2006
488,Charlotte Bobcats,15,26,56,.317,26.0,96.9,100.9,-3.90,2006
489,Atlanta Hawks,16,26,56,.317,26.0,97.2,102.0,-4.69,2006
490,Northwest Division,0,Northwest Division,Northwest Division,Northwest Division,Northwest Division,Northwest Division,Northwest Division,Northwest Division,2006
491,Denver Nuggets*,1,44,38,.537,—,100.3,100.1,0.36,2006
492,Utah Jazz,2,41,41,.500,3.0,92.4,95.0,-2.49,2006
493,Seattle SuperSonics,3,35,47,.427,9.0,102.6,105.6,-2.88,2006
494,Minnesota Timberwolves,4,33,49,.402,11.0,91.7,93.6,-1.75,2006
495,Portland Trail Blazers,5,21,61,.256,23.0,88.8,98.3,-8.91,2006
496,Pacific Division,6,Pacific Division,Pacific Division,Pacific Division,Pacific Division,Pacific Division,Pacific Division,Pacific Division,2006
497,Phoenix Suns*,7,54,28,.659,—,108.4,102.8,5.48,2006
498,Los Angeles Clippers*,8,47,35,.573,7.0,97.2,95.6,1.75,2006
499,Los Angeles Lakers*,9,45,37,.549,9.0,99.4,96.9,2.53,2006
500,Sacramento Kings*,10,44,38,.537,10.0,98.9,97.3,1.61,2006
501,Golden State Warriors,11,34,48,.415,20.0,98.5,99.8,-1.11,2006
502,Southwest Division,12,Southwest Division,Southwest Division,Southwest Division,Southwest Division,Southwest Division,Southwest Division,Southwest Division,2006
503,San Antonio Spurs*,13,63,19,.768,—,95.6,88.8,6.69,2006
504,Dallas Mavericks*,14,60,22,.732,3.0,99.1,93.1,5.96,2006
505,Memphis Grizzlies*,15,49,33,.598,14.0,92.2,88.5,3.74,2006
506,New Orleans/Oklahoma City Hornets,16,38,44,.463,25.0,92.8,95.6,-2.51,2006
507,Houston Rockets,17,34,48,.415,29.0,90.1,91.7,-1.30,2006
508,Toronto Raptors*,0,47,35,.573,—,99.5,98.5,0.61,2007
509,New Jersey Nets*,1,41,41,.500,6.0,97.6,98.3,-1.00,2007
510,Philadelphia 76ers,2,35,47,.427,12.0,94.9,98.0,-3.26,2007
511,New York Knicks,3,33,49,.402,14.0,97.5,100.3,-3.06,2007
512,Boston Celtics,4,24,58,.293,23.0,95.8,99.2,-3.70,2007
513,Central Division,5,Central Division,Central Division,Central Division,Central Division,Central Division,Central Division,Central Division,2007
514,Detroit Pistons*,6,53,29,.646,—,96.0,91.8,3.69,2007
515,Cleveland Cavaliers*,7,50,32,.610,3.0,96.8,92.9,3.33,2007
516,Chicago Bulls*,8,49,33,.598,4.0,98.8,93.8,4.52,2007
517,Indiana Pacers,9,35,47,.427,18.0,95.6,98.0,-2.62,2007
518,Milwaukee Bucks,10,28,54,.341,25.0,99.7,104.0,-4.43,2007
519,Southeast Division,11,Southeast Division,Southeast Division,Southeast Division,Southeast Division,Southeast Division,Southeast Division,Southeast Division,2007
520,Miami Heat*,12,44,38,.537,—,94.6,95.5,-1.21,2007
521,Washington Wizards*,13,41,41,.500,3.0,104.3,104.9,-0.80,2007
522,Orlando Magic*,14,40,42,.488,4.0,94.8,94.0,0.35,2007
523,Charlotte Bobcats,15,33,49,.402,11.0,96.9,100.6,-3.97,2007
524,Atlanta Hawks,16,30,52,.366,14.0,93.7,98.4,-4.86,2007
525,Northwest Division,0,Northwest Division,Northwest Division,Northwest Division,Northwest Division,Northwest Division,Northwest Division,Northwest Division,2007
526,Utah Jazz*,1,51,31,.622,—,101.5,98.6,3.06,2007
527,Denver Nuggets*,2,45,37,.549,6.0,105.4,103.7,1.69,2007
528,Portland Trail Blazers,3,32,50,.390,19.0,94.1,98.4,-3.78,2007
529,Minnesota Timberwolves,4,32,50,.390,19.0,96.1,99.7,-3.16,2007
530,Seattle SuperSonics,5,31,51,.378,20.0,99.1,102.0,-2.45,2007
531,Pacific Division,6,Pacific Division,Pacific Division,Pacific Division,Pacific Division,Pacific Division,Pacific Division,Pacific Division,2007
532,Phoenix Suns*,7,61,21,.744,—,110.2,102.9,7.28,2007
533,Los Angeles Lakers*,8,42,40,.512,19.0,103.3,103.4,0.24,2007
534,Golden State Warriors*,9,42,40,.512,19.0,106.5,106.9,0.00,2007
535,Los Angeles Clippers,10,40,42,.488,21.0,95.6,96.1,-0.07,2007
536,Sacramento Kings,11,33,49,.402,28.0,101.3,103.1,-1.35,2007
537,Southwest Division,12,Southwest Division,Southwest Division,Southwest Division,Southwest Division,Southwest Division,Southwest Division,Southwest Division,2007
538,Dallas Mavericks*,13,67,15,.817,—,100.0,92.8,7.28,2007
539,San Antonio Spurs*,14,58,24,.707,9.0,98.5,90.1,8.35,2007
540,Houston Rockets*,15,52,30,.634,15.0,97.0,92.1,5.04,2007
541,New Orleans/Oklahoma City Hornets,16,39,43,.476,28.0,95.5,97.1,-1.19,2007
542,Memphis Grizzlies,17,22,60,.268,45.0,101.6,106.7,-4.44,2007
543,Boston Celtics*,0,66,16,.805,—,100.5,90.3,9.30,2008
544,Toronto Raptors*,1,41,41,.500,25.0,100.2,97.3,2.47,2008
545,Philadelphia 76ers*,2,40,42,.488,26.0,96.6,96.2,0.19,2008
546,New Jersey Nets,3,34,48,.415,32.0,95.8,100.9,-5.15,2008
547,New York Knicks,4,23,59,.280,43.0,96.9,103.5,-6.55,2008
548,Central Division,5,Central Division,Central Division,Central Division,Central Division,Central Division,Central Division,Central Division,2008
549,Detroit Pistons*,6,59,23,.720,—,97.5,90.1,6.67,2008
550,Cleveland Cavaliers*,7,45,37,.549,14.0,96.4,96.7,-0.53,2008
551,Indiana Pacers,8,36,46,.439,23.0,104.0,105.4,-1.87,2008
552,Chicago Bulls,9,33,49,.402,26.0,97.3,100.4,-3.19,2008
553,Milwaukee Bucks,10,26,56,.317,33.0,97.0,103.9,-6.92,2008
554,Southeast Division,11,Southeast Division,Southeast Division,Southeast Division,Southeast Division,Southeast Division,Southeast Division,Southeast Division,2008
555,Orlando Magic*,12,52,30,.634,—,104.5,99.0,4.79,2008
556,Washington Wizards*,13,43,39,.524,9.0,98.8,99.2,-0.61,2008
557,Atlanta Hawks*,14,37,45,.451,15.0,98.2,100.0,-2.23,2008
558,Charlotte Bobcats,15,32,50,.390,20.0,97.1,101.4,-4.49,2008
559,Miami Heat,16,15,67,.183,37.0,91.4,100.0,-8.53,2008
560,Northwest Division,0,Northwest Division,Northwest Division,Northwest Division,Northwest Division,Northwest Division,Northwest Division,Northwest Division,2008
561,Utah Jazz*,1,54,28,.659,—,106.2,99.3,6.86,2008
562,Denver Nuggets*,2,50,32,.610,4.0,110.7,107.0,3.74,2008
563,Portland Trail Blazers,3,41,41,.500,13.0,95.4,96.3,-0.52,2008
564,Minnesota Timberwolves,4,22,60,.268,32.0,95.6,102.4,-6.26,2008
565,Seattle SuperSonics,5,20,62,.244,34.0,97.5,106.3,-8.04,2008
566,Pacific Division,6,Pacific Division,Pacific Division,Pacific Division,Pacific Division,Pacific Division,Pacific Division,Pacific Division,2008
567,Los Angeles Lakers*,7,57,25,.695,—,108.6,101.3,7.34,2008
568,Phoenix Suns*,8,55,27,.671,2.0,110.1,105.0,5.14,2008
569,Golden State Warriors,9,48,34,.585,9.0,111.0,108.8,2.38,2008
570,Sacramento Kings,10,38,44,.463,19.0,102.5,104.8,-1.86,2008
571,Los Angeles Clippers,11,23,59,.280,34.0,93.8,101.1,-6.56,2008
572,Southwest Division,12,Southwest Division,Southwest Division,Southwest Division,Southwest Division,Southwest Division,Southwest Division,Southwest Division,2008
573,New Orleans Hornets*,13,56,26,.683,—,100.9,95.6,5.46,2008
574,San Antonio Spurs*,14,56,26,.683,—,95.4,90.6,5.10,2008
575,Houston Rockets*,15,55,27,.671,1.0,96.7,92.0,4.83,2008
576,Dallas Mavericks*,16,51,31,.622,5.0,100.4,95.9,4.70,2008
577,Memphis Grizzlies,17,22,60,.268,34.0,100.7,106.9,-5.76,2008
578,Boston Celtics*,0,62,20,.756,—,100.9,93.4,7.44,2009
579,Philadelphia 76ers*,1,41,41,.500,21.0,97.4,97.3,0.16,2009
580,New Jersey Nets,2,34,48,.415,28.0,98.1,100.5,-2.31,2009
581,Toronto Raptors,3,33,49,.402,29.0,99.0,101.9,-2.54,2009
582,New York Knicks,4,32,50,.390,30.0,105.2,107.8,-2.33,2009
583,Central Division,5,Central Division,Central Division,Central Division,Central Division,Central Division,Central Division,Central Division,2009
584,Cleveland Cavaliers*,6,66,16,.805,—,100.3,91.4,8.68,2009
585,Chicago Bulls*,7,41,41,.500,25.0,102.2,102.5,-0.16,2009
586,Detroit Pistons*,8,39,43,.476,27.0,94.2,94.7,-0.36,2009
587,Indiana Pacers,9,36,46,.439,30.0,105.1,106.2,-0.76,2009
588,Milwaukee Bucks,10,34,48,.415,32.0,99.3,100.4,-0.88,2009
589,Southeast Division,11,Southeast Division,Southeast Division,Southeast Division,Southeast Division,Southeast Division,Southeast Division,Southeast Division,2009
590,Orlando Magic*,12,59,23,.720,—,101.0,94.4,6.48,2009
591,Atlanta Hawks*,13,47,35,.573,12.0,98.1,96.5,1.70,2009
592,Miami Heat*,14,43,39,.524,16.0,98.3,98.0,0.49,2009
593,Charlotte Bobcats,15,35,47,.427,24.0,93.6,94.9,-1.20,2009
594,Washington Wizards,16,19,63,.232,40.0,96.1,103.5,-6.98,2009
595,Northwest Division,0,Northwest Division,Northwest Division,Northwest Division,Northwest Division,Northwest Division,Northwest Division,Northwest Division,2009
596,Denver Nuggets*,1,54,28,.659,—,104.3,100.9,3.13,2009
597,Portland Trail Blazers*,2,54,28,.659,—,99.4,94.1,5.00,2009
598,Utah Jazz*,3,48,34,.585,6.0,103.6,100.9,2.31,2009
599,Minnesota Timberwolves,4,24,58,.293,30.0,97.8,102.7,-4.74,2009
600,Oklahoma City Thunder,5,23,59,.280,31.0,97.0,103.1,-6.04,2009
601,Pacific Division,6,Pacific Division,Pacific Division,Pacific Division,Pacific Division,Pacific Division,Pacific Division,Pacific Division,2009
602,Los Angeles Lakers*,7,65,17,.793,—,106.9,99.3,7.11,2009
603,Phoenix Suns,8,46,36,.561,19.0,109.4,107.5,1.62,2009
604,Golden State Warriors,9,29,53,.354,36.0,108.6,112.3,-3.80,2009
605,Los Angeles Clippers,10,19,63,.232,46.0,95.1,103.9,-8.47,2009
606,Sacramento Kings,11,17,65,.207,48.0,100.6,109.3,-8.60,2009
607,Southwest Division,12,Southwest Division,Southwest Division,Southwest Division,Southwest Division,Southwest Division,Southwest Division,Southwest Division,2009
608,San Antonio Spurs*,13,54,28,.659,—,97.0,93.3,3.36,2009
609,Houston Rockets*,14,53,29,.646,1.0,98.4,94.4,3.73,2009
610,Dallas Mavericks*,15,50,32,.610,4.0,101.7,99.8,1.68,2009
611,New Orleans Hornets*,16,49,33,.598,5.0,95.8,94.3,1.41,2009
612,Memphis Grizzlies,17,24,58,.293,30.0,93.9,99.3,-5.23,2009
613,Boston Celtics*,0,50,32,.610,—,99.2,95.6,3.37,2010
614,Toronto Raptors,1,40,42,.488,10.0,104.1,105.9,-1.83,2010
615,New York Knicks,2,29,53,.354,21.0,102.1,105.9,-4.01,2010
616,Philadelphia 76ers,3,27,55,.329,23.0,97.7,101.6,-3.93,2010
617,New Jersey Nets,4,12,70,.146,38.0,92.4,101.5,-8.93,2010
618,Central Division,5,Central Division,Central Division,Central Division,Central Division,Central Division,Central Division,Central Division,2010
619,Cleveland Cavaliers*,6,61,21,.744,—,102.1,95.6,6.17,2010
620,Milwaukee Bucks*,7,46,36,.561,15.0,97.7,96.0,1.37,2010
621,Chicago Bulls*,8,41,41,.500,20.0,97.5,99.1,-1.64,2010
622,Indiana Pacers,9,32,50,.390,29.0,100.8,103.8,-3.11,2010
623,Detroit Pistons,10,27,55,.329,34.0,94.0,99.1,-5.02,2010
624,Southeast Division,11,Southeast Division,Southeast Division,Southeast Division,Southeast Division,Southeast Division,Southeast Division,Southeast Division,2010
625,Orlando Magic*,12,59,23,.720,—,102.8,95.3,7.12,2010
626,Atlanta Hawks*,13,53,29,.646,6.0,101.7,97.0,4.44,2010
627,Miami Heat*,14,47,35,.573,12.0,96.5,94.2,1.99,2010
628,Charlotte Bobcats*,15,44,38,.537,15.0,95.3,93.8,1.30,2010
629,Washington Wizards,16,26,56,.317,33.0,96.2,101.0,-4.72,2010
630,Northwest Division,0,Northwest Division,Northwest Division,Northwest Division,Northwest Division,Northwest Division,Northwest Division,Northwest Division,2010
631,Denver Nuggets*,1,53,29,.646,—,106.5,102.4,4.15,2010
632,Utah Jazz*,2,53,29,.646,—,104.2,98.9,5.33,2010
633,Portland Trail Blazers*,3,50,32,.610,3.0,98.1,94.8,3.18,2010
634,Oklahoma City Thunder*,4,50,32,.610,3.0,101.5,98.0,3.55,2010
635,Minnesota Timberwolves,5,15,67,.183,38.0,98.2,107.8,-9.06,2010
636,Pacific Division,6,Pacific Division,Pacific Division,Pacific Division,Pacific Division,Pacific Division,Pacific Division,Pacific Division,2010
637,Los Angeles Lakers*,7,57,25,.695,—,101.7,97.0,4.78,2010
638,Phoenix Suns*,8,54,28,.659,3.0,110.2,105.3,4.67,2010
639,Los Angeles Clippers,9,29,53,.354,28.0,95.7,102.1,-6.01,2010
640,Golden State Warriors,10,26,56,.317,31.0,108.8,112.4,-3.28,2010
641,Sacramento Kings,11,25,57,.305,32.0,100.0,104.4,-4.06,2010
642,Southwest Division,12,Southwest Division,Southwest Division,Southwest Division,Southwest Division,Southwest Division,Southwest Division,Southwest Division,2010
643,Dallas Mavericks*,13,55,27,.671,—,102.0,99.3,2.66,2010
644,San Antonio Spurs*,14,50,32,.610,5.0,101.4,96.3,5.07,2010
645,Houston Rockets,15,42,40,.512,13.0,102.4,102.7,-0.02,2010
646,Memphis Grizzlies,16,40,42,.488,15.0,102.5,104.0,-1.39,2010
647,New Orleans Hornets,17,37,45,.451,18.0,100.2,102.7,-2.27,2010
648,Boston Celtics*,0,56,26,.683,—,96.5,91.1,4.83,2011
649,New York Knicks*,1,42,40,.512,14.0,106.5,105.7,0.48,2011
650,Philadelphia 76ers*,2,41,41,.500,15.0,99.0,97.5,1.01,2011
651,New Jersey Nets,3,24,58,.293,32.0,94.2,100.4,-6.28,2011
652,Toronto Raptors,4,22,60,.268,34.0,99.1,105.4,-6.28,2011
653,Central Division,5,Central Division,Central Division,Central Division,Central Division,Central Division,Central Division,Central Division,2011
654,Chicago Bulls*,6,62,20,.756,—,98.6,91.3,6.53,2011
655,Indiana Pacers*,7,37,45,.451,25.0,99.8,100.9,-1.38,2011
656,Milwaukee Bucks,8,35,47,.427,27.0,91.9,92.7,-1.02,2011
657,Detroit Pistons,9,30,52,.366,32.0,97.0,100.6,-3.78,2011
658,Cleveland Cavaliers,10,19,63,.232,43.0,95.5,104.5,-8.88,2011
659,Southeast Division,11,Southeast Division,Southeast Division,Southeast Division,Southeast Division,Southeast Division,Southeast Division,Southeast Division,2011
660,Miami Heat*,12,58,24,.707,—,102.1,94.6,6.76,2011
661,Orlando Magic*,13,52,30,.634,6.0,99.2,93.7,4.92,2011
662,Atlanta Hawks*,14,44,38,.537,14.0,95.0,95.8,-1.10,2011
663,Charlotte Bobcats,15,34,48,.415,24.0,93.3,97.3,-4.08,2011
664,Washington Wizards,16,23,59,.280,35.0,97.3,104.7,-7.30,2011
665,Northwest Division,0,Northwest Division,Northwest Division,Northwest Division,Northwest Division,Northwest Division,Northwest Division,Northwest Division,2011
666,Oklahoma City Thunder*,1,55,27,.671,—,104.8,101.0,3.81,2011
667,Denver Nuggets*,2,50,32,.610,5.0,107.5,102.7,4.81,2011
668,Portland Trail Blazers*,3,48,34,.585,7.0,96.3,94.8,1.85,2011
669,Utah Jazz,4,39,43,.476,16.0,99.4,101.3,-1.44,2011
670,Minnesota Timberwolves,5,17,65,.207,38.0,101.1,107.7,-5.97,2011
671,Pacific Division,6,Pacific Division,Pacific Division,Pacific Division,Pacific Division,Pacific Division,Pacific Division,Pacific Division,2011
672,Los Angeles Lakers*,7,57,25,.695,—,101.5,95.4,6.01,2011
673,Phoenix Suns,8,40,42,.488,17.0,105.0,105.9,-0.46,2011
674,Golden State Warriors,9,36,46,.439,21.0,103.4,105.7,-2.00,2011
675,Los Angeles Clippers,10,32,50,.390,25.0,98.6,101.8,-2.71,2011
676,Sacramento Kings,11,24,58,.293,33.0,99.4,104.7,-4.80,2011
677,Southwest Division,12,Southwest Division,Southwest Division,Southwest Division,Southwest Division,Southwest Division,Southwest Division,Southwest Division,2011
678,San Antonio Spurs*,13,61,21,.744,—,103.7,98.0,5.86,2011
679,Dallas Mavericks*,14,57,25,.695,4.0,100.2,96.0,4.41,2011
680,New Orleans Hornets*,15,46,36,.561,15.0,94.9,94.0,1.28,2011
681,Memphis Grizzlies*,16,46,36,.561,15.0,99.9,97.6,2.55,2011
682,Houston Rockets,17,43,39,.524,18.0,105.9,103.7,2.37,2011
683,Boston Celtics*,0,39,27,.591,—,91.8,89.3,2.26,2012
684,New York Knicks*,1,36,30,.545,3.0,97.8,94.7,2.39,2012
685,Philadelphia 76ers*,2,35,31,.530,4.0,93.6,89.4,3.59,2012
686,Toronto Raptors,3,23,43,.348,16.0,90.7,94.0,-3.67,2012
687,New Jersey Nets,4,22,44,.333,17.0,93.1,99.1,-6.37,2012
688,Central Division,5,Central Division,Central Division,Central Division,Central Division,Central Division,Central Division,Central Division,2012
689,Chicago Bulls*,6,50,16,.758,—,96.3,88.2,7.43,2012
690,Indiana Pacers*,7,42,24,.636,8.0,97.7,94.4,2.60,2012
691,Milwaukee Bucks,8,31,35,.470,19.0,99.0,98.7,-0.23,2012
692,Detroit Pistons,9,25,41,.379,25.0,90.9,95.7,-5.19,2012
693,Cleveland Cavaliers,10,21,45,.318,29.0,93.0,100.2,-7.34,2012
694,Southeast Division,11,Southeast Division,Southeast Division,Southeast Division,Southeast Division,Southeast Division,Southeast Division,Southeast Division,2012
695,Miami Heat*,12,46,20,.697,—,98.5,92.5,5.72,2012
696,Atlanta Hawks*,13,40,26,.606,6.0,96.6,93.2,2.67,2012
697,Orlando Magic*,14,37,29,.561,9.0,94.2,93.4,0.46,2012
698,Washington Wizards,15,20,46,.303,26.0,93.6,98.4,-5.14,2012
699,Charlotte Bobcats,16,7,59,.106,39.0,87.0,100.9,-13.96,2012
700,Northwest Division,0,Northwest Division,Northwest Division,Northwest Division,Northwest Division,Northwest Division,Northwest Division,Northwest Division,2012
701,Oklahoma City Thunder*,1,47,19,.712,—,103.1,96.9,6.44,2012
702,Denver Nuggets*,2,38,28,.576,9.0,104.1,101.2,3.16,2012
703,Utah Jazz*,3,36,30,.545,11.0,99.7,99.0,0.92,2012
704,Portland Trail Blazers,4,28,38,.424,19.0,97.2,97.8,-0.22,2012
705,Minnesota Timberwolves,5,26,40,.394,21.0,97.9,100.1,-1.83,2012
706,Pacific Division,6,Pacific Division,Pacific Division,Pacific Division,Pacific Division,Pacific Division,Pacific Division,Pacific Division,2012
707,Los Angeles Lakers*,7,41,25,.621,—,97.3,95.9,1.96,2012
708,Los Angeles Clippers*,8,40,26,.606,1.0,97.5,95.0,2.82,2012
709,Phoenix Suns,9,33,33,.500,8.0,98.4,98.6,0.29,2012
710,Golden State Warriors,10,23,43,.348,18.0,97.8,101.2,-2.79,2012
711,Sacramento Kings,11,22,44,.333,19.0,98.8,104.4,-4.95,2012
712,Southwest Division,12,Southwest Division,Southwest Division,Southwest Division,Southwest Division,Southwest Division,Southwest Division,Southwest Division,2012
713,San Antonio Spurs*,13,50,16,.758,—,103.7,96.5,7.28,2012
714,Memphis Grizzlies*,14,41,25,.621,9.0,95.0,93.0,2.43,2012
715,Dallas Mavericks*,15,36,30,.545,14.0,95.8,94.8,1.78,2012
716,Houston Rockets,16,34,32,.515,16.0,98.1,97.9,0.57,2012
717,New Orleans Hornets,17,21,45,.318,29.0,89.6,93.4,-3.11,2012
718,New York Knicks*,0,54,28,.659,—,100.0,95.7,3.73,2013
719,Brooklyn Nets*,1,49,33,.598,5.0,96.9,95.1,1.25,2013
720,Boston Celtics*,2,41,40,.506,12.5,96.5,96.7,-0.62,2013
721,Philadelphia 76ers,3,34,48,.415,20.0,93.2,96.5,-3.51,2013
722,Toronto Raptors,4,34,48,.415,20.0,97.2,98.7,-1.96,2013
723,Central Division,5,Central Division,Central Division,Central Division,Central Division,Central Division,Central Division,Central Division,2013
724,Indiana Pacers*,6,49,32,.605,—,94.7,90.7,3.34,2013
725,Chicago Bulls*,7,45,37,.549,4.5,93.2,92.9,-0.02,2013
726,Milwaukee Bucks*,8,38,44,.463,11.5,98.9,100.4,-1.83,2013
727,Detroit Pistons,9,29,53,.354,20.5,94.9,98.8,-4.33,2013
728,Cleveland Cavaliers,10,24,58,.293,25.5,96.5,101.2,-4.87,2013
729,Southeast Division,11,Southeast Division,Southeast Division,Southeast Division,Southeast Division,Southeast Division,Southeast Division,Southeast Division,2013
730,Miami Heat*,12,66,16,.805,—,102.9,95.0,7.03,2013
731,Atlanta Hawks*,13,44,38,.537,22.0,98.0,97.5,-0.08,2013
732,Washington Wizards,14,29,53,.354,37.0,93.2,95.8,-2.78,2013
733,Charlotte Bobcats,15,21,61,.256,45.0,93.4,102.7,-9.29,2013
734,Orlando Magic,16,20,62,.244,46.0,94.1,101.1,-7.12,2013
735,Northwest Division,0,Northwest Division,Northwest Division,Northwest Division,Northwest Division,Northwest Division,Northwest Division,Northwest Division,2013
736,Oklahoma City Thunder*,1,60,22,.732,—,105.7,96.5,9.15,2013
737,Denver Nuggets*,2,57,25,.695,3.0,106.1,101.1,5.37,2013
738,Utah Jazz,3,43,39,.524,17.0,98.0,98.1,0.30,2013
739,Portland Trail Blazers,4,33,49,.402,27.0,97.5,100.7,-2.53,2013
740,Minnesota Timberwolves,5,31,51,.378,29.0,95.7,98.1,-1.83,2013
741,Pacific Division,6,Pacific Division,Pacific Division,Pacific Division,Pacific Division,Pacific Division,Pacific Division,Pacific Division,2013
742,Los Angeles Clippers*,7,56,26,.683,—,101.1,94.6,6.43,2013
743,Golden State Warriors*,8,47,35,.573,9.0,101.2,100.3,1.32,2013
744,Los Angeles Lakers*,9,45,37,.549,11.0,102.2,101.0,1.48,2013
745,Sacramento Kings,10,28,54,.341,28.0,100.2,105.1,-4.26,2013
746,Phoenix Suns,11,25,57,.305,31.0,95.2,101.6,-5.75,2013
747,Southwest Division,12,Southwest Division,Southwest Division,Southwest Division,Southwest Division,Southwest Division,Southwest Division,Southwest Division,2013
748,San Antonio Spurs*,13,58,24,.707,—,103.0,96.6,6.67,2013
749,Memphis Grizzlies*,14,56,26,.683,2.0,93.4,89.3,4.32,2013
750,Houston Rockets*,15,45,37,.549,13.0,106.0,102.5,3.69,2013
751,Dallas Mavericks,16,41,41,.500,17.0,101.1,101.7,-0.24,2013
752,New Orleans Hornets,17,27,55,.329,31.0,94.1,97.9,-3.12,2013
753,Toronto Raptors*,0,48,34,.585,—,101.3,98.0,2.55,2014
754,Brooklyn Nets*,1,44,38,.537,4.0,98.5,99.5,-1.58,2014
755,New York Knicks,2,37,45,.451,11.0,98.6,99.4,-1.40,2014
756,Boston Celtics,3,25,57,.305,23.0,96.2,100.7,-4.97,2014
757,Philadelphia 76ers,4,19,63,.232,29.0,99.5,109.9,-10.66,2014
758,Central Division,5,Central Division,Central Division,Central Division,Central Division,Central Division,Central Division,Central Division,2014
759,Indiana Pacers*,6,56,26,.683,—,96.7,92.3,3.63,2014
760,Chicago Bulls*,7,48,34,.585,8.0,93.7,91.8,1.20,2014
761,Cleveland Cavaliers,8,33,49,.402,23.0,98.2,101.5,-3.86,2014
762,Detroit Pistons,9,29,53,.354,27.0,101.0,104.7,-4.13,2014
763,Milwaukee Bucks,10,15,67,.183,41.0,95.5,103.7,-8.41,2014
764,Southeast Division,11,Southeast Division,Southeast Division,Southeast Division,Southeast Division,Southeast Division,Southeast Division,Southeast Division,2014
765,Miami Heat*,12,54,28,.659,—,102.2,97.4,4.15,2014
766,Washington Wizards*,13,44,38,.537,10.0,100.7,99.4,0.48,2014
767,Charlotte Bobcats*,14,43,39,.524,11.0,96.9,97.1,-0.89,2014
768,Atlanta Hawks*,15,38,44,.463,16.0,101.0,101.5,-0.88,2014
769,Orlando Magic,16,23,59,.280,31.0,96.5,102.0,-5.88,2014
770,Northwest Division,0,Northwest Division,Northwest Division,Northwest Division,Northwest Division,Northwest Division,Northwest Division,Northwest Division,2014
771,Oklahoma City Thunder*,1,59,23,.720,—,106.2,99.8,6.66,2014
772,Portland Trail Blazers*,2,54,28,.659,5.0,106.7,102.8,4.44,2014
773,Minnesota Timberwolves,3,40,42,.488,19.0,106.9,104.3,3.10,2014
774,Denver Nuggets,4,36,46,.439,23.0,104.4,106.5,-1.40,2014
775,Utah Jazz,5,25,57,.305,34.0,95.0,102.2,-6.27,2014
776,Pacific Division,6,Pacific Division,Pacific Division,Pacific Division,Pacific Division,Pacific Division,Pacific Division,Pacific Division,2014
777,Los Angeles Clippers*,7,57,25,.695,—,107.9,101.0,7.27,2014
778,Golden State Warriors*,8,51,31,.622,6.0,104.3,99.5,5.15,2014
779,Phoenix Suns,9,48,34,.585,9.0,105.2,102.6,3.02,2014
780,Sacramento Kings,10,28,54,.341,29.0,100.5,103.4,-2.08,2014
781,Los Angeles Lakers,11,27,55,.329,30.0,103.0,109.2,-5.33,2014
782,Southwest Division,12,Southwest Division,Southwest Division,Southwest Division,Southwest Division,Southwest Division,Southwest Division,Southwest Division,2014
783,San Antonio Spurs*,13,62,20,.756,—,105.4,97.6,8.00,2014
784,Houston Rockets*,14,54,28,.659,8.0,107.7,103.1,5.06,2014
785,Memphis Grizzlies*,15,50,32,.610,12.0,96.1,94.6,2.18,2014
786,Dallas Mavericks*,16,49,33,.598,13.0,104.8,102.4,2.91,2014
787,New Orleans Pelicans,17,34,48,.415,28.0,99.7,102.4,-1.98,2014
788,Toronto Raptors*,0,49,33,.598,—,104.0,100.9,2.45,2015
789,Boston Celtics*,1,40,42,.488,9.0,101.4,101.2,-0.40,2015
790,Brooklyn Nets*,2,38,44,.463,11.0,98.0,100.9,-3.13,2015
791,Philadelphia 76ers,3,18,64,.220,31.0,92.0,101.0,-9.04,2015
792,New York Knicks,4,17,65,.207,32.0,91.9,101.2,-9.50,2015
793,Central Division,5,Central Division,Central Division,Central Division,Central Division,Central Division,Central Division,Central Division,2015
794,Cleveland Cavaliers*,6,53,29,.646,—,103.1,98.7,4.08,2015
795,Chicago Bulls*,7,50,32,.610,3.0,100.8,97.8,2.54,2015
796,Milwaukee Bucks*,8,41,41,.500,12.0,97.8,97.4,-0.09,2015
797,Indiana Pacers,9,38,44,.463,15.0,97.3,97.0,-0.23,2015
798,Detroit Pistons,10,32,50,.390,21.0,98.5,99.5,-1.39,2015
799,Southeast Division,11,Southeast Division,Southeast Division,Southeast Division,Southeast Division,Southeast Division,Southeast Division,Southeast Division,2015
800,Atlanta Hawks*,12,60,22,.732,—,102.5,97.1,4.75,2015
801,Washington Wizards*,13,46,36,.561,14.0,98.5,97.8,0.17,2015
802,Miami Heat,14,37,45,.451,23.0,94.7,97.3,-2.92,2015
803,Charlotte Hornets,15,33,49,.402,27.0,94.2,97.3,-3.44,2015
804,Orlando Magic,16,25,57,.305,35.0,95.7,101.4,-5.87,2015
805,Northwest Division,0,Northwest Division,Northwest Division,Northwest Division,Northwest Division,Northwest Division,Northwest Division,Northwest Division,2015
806,Portland Trail Blazers*,1,51,31,.622,—,102.8,98.6,4.41,2015
807,Oklahoma City Thunder,2,45,37,.549,6.0,104.0,101.8,2.47,2015
808,Utah Jazz,3,38,44,.463,13.0,95.1,94.9,0.71,2015
809,Denver Nuggets,4,30,52,.366,21.0,101.5,105.0,-3.07,2015
810,Minnesota Timberwolves,5,16,66,.195,35.0,97.8,106.5,-8.00,2015
811,Pacific Division,6,Pacific Division,Pacific Division,Pacific Division,Pacific Division,Pacific Division,Pacific Division,Pacific Division,2015
812,Golden State Warriors*,7,67,15,.817,—,110.0,99.9,10.01,2015
813,Los Angeles Clippers*,8,56,26,.683,11.0,106.7,100.1,6.80,2015
814,Phoenix Suns,9,39,43,.476,28.0,102.4,103.3,-0.38,2015
815,Sacramento Kings,10,29,53,.354,38.0,101.3,105.0,-3.07,2015
816,Los Angeles Lakers,11,21,61,.256,46.0,98.5,105.3,-6.17,2015
817,Southwest Division,12,Southwest Division,Southwest Division,Southwest Division,Southwest Division,Southwest Division,Southwest Division,Southwest Division,2015
818,Houston Rockets*,13,56,26,.683,—,103.9,100.5,3.82,2015
819,Memphis Grizzlies*,14,55,27,.671,1.0,98.3,95.1,3.62,2015
820,San Antonio Spurs*,15,55,27,.671,1.0,103.2,97.0,6.34,2015
821,Dallas Mavericks*,16,50,32,.610,6.0,105.2,102.3,3.36,2015
822,New Orleans Pelicans*,17,45,37,.549,11.0,99.4,98.6,1.13,2015
823,Toronto Raptors*,0,56,26,.683,—,102.7,98.2,4.08,2016
824,Boston Celtics*,1,48,34,.585,8.0,105.7,102.5,2.84,2016
825,New York Knicks,2,32,50,.390,24.0,98.4,101.1,-2.74,2016
826,Brooklyn Nets,3,21,61,.256,35.0,98.6,106.0,-7.12,2016
827,Philadelphia 76ers,4,10,72,.122,46.0,97.4,107.6,-9.92,2016
828,Central Division,5,Central Division,Central Division,Central Division,Central Division,Central Division,Central Division,Central Division,2016
829,Cleveland Cavaliers*,6,57,25,.695,—,104.3,98.3,5.45,2016
830,Indiana Pacers*,7,45,37,.549,12.0,102.2,100.5,1.62,2016
831,Detroit Pistons*,8,44,38,.537,13.0,102.0,101.4,0.43,2016
832,Chicago Bulls,9,42,40,.512,15.0,101.6,103.1,-1.46,2016
833,Milwaukee Bucks,10,33,49,.402,24.0,99.0,103.2,-3.98,2016
834,Southeast Division,11,Southeast Division,Southeast Division,Southeast Division,Southeast Division,Southeast Division,Southeast Division,Southeast Division,2016
835,Miami Heat*,12,48,34,.585,—,100.0,98.4,1.50,2016
836,Atlanta Hawks*,13,48,34,.585,—,102.8,99.2,3.49,2016
837,Charlotte Hornets*,14,48,34,.585,—,103.4,100.7,2.36,2016
838,Washington Wizards,15,41,41,.500,7.0,104.1,104.6,-0.50,2016
839,Orlando Magic,16,35,47,.427,13.0,102.1,103.7,-1.68,2016
840,Northwest Division,0,Northwest Division,Northwest Division,Northwest Division,Northwest Division,Northwest Division,Northwest Division,Northwest Division,2016
841,Oklahoma City Thunder*,1,55,27,.671,—,110.2,102.9,7.09,2016
842,Portland Trail Blazers*,2,44,38,.537,11.0,105.1,104.3,0.98,2016
843,Utah Jazz,3,40,42,.488,15.0,97.7,95.9,1.84,2016
844,Denver Nuggets,4,33,49,.402,22.0,101.9,105.0,-2.81,2016
845,Minnesota Timberwolves,5,29,53,.354,26.0,102.4,106.0,-3.38,2016
846,Pacific Division,6,Pacific Division,Pacific Division,Pacific Division,Pacific Division,Pacific Division,Pacific Division,Pacific Division,2016
847,Golden State Warriors*,7,73,9,.890,—,114.9,104.1,10.38,2016
848,Los Angeles Clippers*,8,53,29,.646,20.0,104.5,100.2,4.13,2016
849,Sacramento Kings,9,33,49,.402,40.0,106.6,109.1,-2.32,2016
850,Phoenix Suns,10,23,59,.280,50.0,100.9,107.5,-6.32,2016
851,Los Angeles Lakers,11,17,65,.207,56.0,97.3,106.9,-8.92,2016
852,Southwest Division,12,Southwest Division,Southwest Division,Southwest Division,Southwest Division,Southwest Division,Southwest Division,Southwest Division,2016
853,San Antonio Spurs*,13,67,15,.817,—,103.5,92.9,10.28,2016
854,Dallas Mavericks*,14,42,40,.512,25.0,102.3,102.6,-0.02,2016
855,Memphis Grizzlies*,15,42,40,.512,25.0,99.1,101.3,-2.14,2016
856,Houston Rockets*,16,41,41,.500,26.0,106.5,106.4,0.34,2016
857,New Orleans Pelicans,17,30,52,.366,37.0,102.7,106.5,-3.56,2016
858,Boston Celtics*,0,53,29,.646,—,108.0,105.4,2.25,2017
859,Toronto Raptors*,1,51,31,.622,2.0,106.9,102.6,3.65,2017
860,New York Knicks,2,31,51,.378,22.0,104.3,108.0,-3.87,2017
861,Philadelphia 76ers,3,28,54,.341,25.0,102.4,108.1,-5.83,2017
862,Brooklyn Nets,4,20,62,.244,33.0,105.8,112.5,-6.74,2017
863,Central Division,5,Central Division,Central Division,Central Division,Central Division,Central Division,Central Division,Central Division,2017
864,Cleveland Cavaliers*,6,51,31,.622,—,110.3,107.2,2.87,2017
865,Milwaukee Bucks*,7,42,40,.512,9.0,103.6,103.8,-0.45,2017
866,Indiana Pacers*,8,42,40,.512,9.0,105.1,105.3,-0.64,2017
867,Chicago Bulls*,9,41,41,.500,10.0,102.9,102.4,0.03,2017
868,Detroit Pistons,10,37,45,.451,14.0,101.3,102.5,-1.29,2017
869,Southeast Division,11,Southeast Division,Southeast Division,Southeast Division,Southeast Division,Southeast Division,Southeast Division,Southeast Division,2017
870,Washington Wizards*,12,49,33,.598,—,109.2,107.4,1.36,2017
871,Atlanta Hawks*,13,43,39,.524,6.0,103.2,104.0,-1.23,2017
872,Miami Heat,14,41,41,.500,8.0,103.2,102.1,0.77,2017
873,Charlotte Hornets,15,36,46,.439,13.0,104.9,104.7,-0.07,2017
874,Orlando Magic,16,29,53,.354,20.0,101.1,107.6,-6.61,2017
875,Northwest Division,0,Northwest Division,Northwest Division,Northwest Division,Northwest Division,Northwest Division,Northwest Division,Northwest Division,2017
876,Utah Jazz*,1,51,31,.622,—,100.7,96.8,4.00,2017
877,Oklahoma City Thunder*,2,47,35,.573,4.0,106.6,105.8,1.14,2017
878,Portland Trail Blazers*,3,41,41,.500,10.0,107.9,108.5,-0.23,2017
879,Denver Nuggets,4,40,42,.488,11.0,111.7,111.2,0.70,2017
880,Minnesota Timberwolves,5,31,51,.378,20.0,105.6,106.7,-0.64,2017
881,Pacific Division,6,Pacific Division,Pacific Division,Pacific Division,Pacific Division,Pacific Division,Pacific Division,Pacific Division,2017
882,Golden State Warriors*,7,67,15,.817,—,115.9,104.3,11.35,2017
883,Los Angeles Clippers*,8,51,31,.622,16.0,108.7,104.4,4.42,2017
884,Sacramento Kings,9,32,50,.390,35.0,102.8,106.7,-3.29,2017
885,Los Angeles Lakers,10,26,56,.317,41.0,104.6,111.5,-6.29,2017
886,Phoenix Suns,11,24,58,.293,43.0,107.7,113.3,-5.14,2017
887,Southwest Division,12,Southwest Division,Southwest Division,Southwest Division,Southwest Division,Southwest Division,Southwest Division,Southwest Division,2017
888,San Antonio Spurs*,13,61,21,.744,—,105.3,98.1,7.13,2017
889,Houston Rockets*,14,55,27,.671,6.0,115.3,109.6,5.84,2017
890,Memphis Grizzlies*,15,43,39,.524,18.0,100.5,100.0,0.96,2017
891,New Orleans Pelicans,16,34,48,.415,27.0,104.3,106.4,-1.69,2017
892,Dallas Mavericks,17,33,49,.402,28.0,97.9,100.8,-2.53,2017
893,Toronto Raptors*,0,59,23,.720,—,111.7,103.9,7.29,2018
894,Boston Celtics*,1,55,27,.671,4.0,104.0,100.4,3.23,2018
895,Philadelphia 76ers*,2,52,30,.634,7.0,109.8,105.3,4.30,2018
896,New York Knicks,3,29,53,.354,30.0,104.5,108.0,-3.53,2018
897,Brooklyn Nets,4,28,54,.341,31.0,106.6,110.3,-3.67,2018
898,Central Division,5,Central Division,Central Division,Central Division,Central Division,Central Division,Central Division,Central Division,2018
899,Cleveland Cavaliers*,6,50,32,.610,—,110.9,109.9,0.59,2018
900,Indiana Pacers*,7,48,34,.585,2.0,105.6,104.2,1.18,2018
901,Milwaukee Bucks*,8,44,38,.537,6.0,106.5,106.8,-0.45,2018
902,Detroit Pistons,9,39,43,.476,11.0,103.8,103.9,-0.26,2018
903,Chicago Bulls,10,27,55,.329,23.0,102.9,110.0,-6.84,2018
904,Southeast Division,11,Southeast Division,Southeast Division,Southeast Division,Southeast Division,Southeast Division,Southeast Division,Southeast Division,2018
905,Miami Heat*,12,44,38,.537,—,103.4,102.9,0.15,2018
906,Washington Wizards*,13,43,39,.524,1.0,106.6,106.0,0.53,2018
907,Charlotte Hornets,14,36,46,.439,8.0,108.2,108.0,0.07,2018
908,Orlando Magic,15,25,57,.305,19.0,103.4,108.2,-4.92,2018
909,Atlanta Hawks,16,24,58,.293,20.0,103.4,108.8,-5.30,2018
910,Northwest Division,0,Northwest Division,Northwest Division,Northwest Division,Northwest Division,Northwest Division,Northwest Division,Northwest Division,2018
911,Portland Trail Blazers*,1,49,33,.598,—,105.6,103.0,2.60,2018
912,Oklahoma City Thunder*,2,48,34,.585,1.0,107.9,104.4,3.42,2018
913,Utah Jazz*,3,48,34,.585,1.0,104.1,99.8,4.47,2018
914,Minnesota Timberwolves*,4,47,35,.573,2.0,109.5,107.3,2.35,2018
915,Denver Nuggets,5,46,36,.561,3.0,110.0,108.5,1.57,2018
916,Pacific Division,6,Pacific Division,Pacific Division,Pacific Division,Pacific Division,Pacific Division,Pacific Division,Pacific Division,2018
917,Golden State Warriors*,7,58,24,.707,—,113.5,107.5,5.79,2018
918,Los Angeles Clippers,8,42,40,.512,16.0,109.0,109.0,0.15,2018
919,Los Angeles Lakers,9,35,47,.427,23.0,108.1,109.6,-1.44,2018
920,Sacramento Kings,10,27,55,.329,31.0,98.8,105.8,-6.60,2018
921,Phoenix Suns,11,21,61,.256,37.0,103.9,113.3,-8.80,2018
922,Southwest Division,12,Southwest Division,Southwest Division,Southwest Division,Southwest Division,Southwest Division,Southwest Division,Southwest Division,2018
923,Houston Rockets*,13,65,17,.793,—,112.4,103.9,8.21,2018
924,New Orleans Pelicans*,14,48,34,.585,17.0,111.7,110.4,1.48,2018
925,San Antonio Spurs*,15,47,35,.573,18.0,102.7,99.8,2.89,2018
926,Dallas Mavericks,16,24,58,.293,41.0,102.3,105.4,-2.70,2018
927,Memphis Grizzlies,17,22,60,.268,43.0,99.3,105.5,-5.81,2018
928,Toronto Raptors*,0,58,24,.707,—,114.4,108.4,5.49,2019
929,Philadelphia 76ers*,1,51,31,.622,7.0,115.2,112.5,2.25,2019
930,Boston Celtics*,2,49,33,.598,9.0,112.4,108.0,3.90,2019
931,Brooklyn Nets*,3,42,40,.512,16.0,112.2,112.3,-0.40,2019
932,New York Knicks,4,17,65,.207,41.0,104.6,113.8,-8.93,2019
933,Central Division,5,Central Division,Central Division,Central Division,Central Division,Central Division,Central Division,Central Division,2019
934,Milwaukee Bucks*,6,60,22,.732,—,118.1,109.3,8.04,2019
935,Indiana Pacers*,7,48,34,.585,12.0,108.0,104.7,2.76,2019
936,Detroit Pistons*,8,41,41,.500,19.0,107.0,107.3,-0.56,2019
937,Chicago Bulls,9,22,60,.268,38.0,104.9,113.4,-8.32,2019
938,Cleveland Cavaliers,10,19,63,.232,41.0,104.5,114.1,-9.39,2019
939,Southeast Division,11,Southeast Division,Southeast Division,Southeast Division,Southeast Division,Southeast Division,Southeast Division,Southeast Division,2019
940,Orlando Magic*,12,42,40,.512,—,107.3,106.6,0.28,2019
941,Charlotte Hornets,13,39,43,.476,3.0,110.7,111.8,-1.32,2019
942,Miami Heat,14,39,43,.476,3.0,105.7,105.9,-0.45,2019
943,Washington Wizards,15,32,50,.390,10.0,114.0,116.9,-3.30,2019
944,Atlanta Hawks,16,29,53,.354,13.0,113.3,119.4,-6.06,2019
945,Northwest Division,0,Northwest Division,Northwest Division,Northwest Division,Northwest Division,Northwest Division,Northwest Division,Northwest Division,2019
946,Denver Nuggets*,1,54,28,.659,—,110.7,106.7,4.19,2019
947,Portland Trail Blazers*,2,53,29,.646,1.0,114.7,110.5,4.43,2019
948,Utah Jazz*,3,50,32,.610,4.0,111.7,106.5,5.28,2019
949,Oklahoma City Thunder*,4,49,33,.598,5.0,114.5,111.1,3.56,2019
950,Minnesota Timberwolves,5,36,46,.439,18.0,112.5,114.0,-1.02,2019
951,Pacific Division,6,Pacific Division,Pacific Division,Pacific Division,Pacific Division,Pacific Division,Pacific Division,Pacific Division,2019
952,Golden State Warriors*,7,57,25,.695,—,117.7,111.2,6.42,2019
953,Los Angeles Clippers*,8,48,34,.585,9.0,115.1,114.3,1.09,2019
954,Sacramento Kings,9,39,43,.476,18.0,114.2,115.3,-0.81,2019
955,Los Angeles Lakers,10,37,45,.451,20.0,111.8,113.5,-1.33,2019
956,Phoenix Suns,11,19,63,.232,38.0,107.5,116.8,-8.61,2019
957,Southwest Division,12,Southwest Division,Southwest Division,Southwest Division,Southwest Division,Southwest Division,Southwest Division,Southwest Division,2019
958,Houston Rockets*,13,53,29,.646,—,113.9,109.1,4.96,2019
959,San Antonio Spurs*,14,48,34,.585,5.0,111.7,110.0,1.80,2019
960,Memphis Grizzlies,15,33,49,.402,20.0,103.5,106.1,-2.08,2019
961,New Orleans Pelicans,16,33,49,.402,20.0,115.4,116.8,-1.10,2019
962,Dallas Mavericks,17,33,49,.402,20.0,108.9,110.1,-0.87,2019
963,Toronto Raptors*,0,53,19,.736,—,112.8,106.5,5.97,2020
964,Boston Celtics*,1,48,24,.667,5.0,113.7,107.3,5.83,2020
965,Philadelphia 76ers*,2,43,30,.589,10.5,110.7,108.4,2.25,2020
966,Brooklyn Nets*,3,35,37,.486,18.0,111.8,112.3,-1.01,2020
967,New York Knicks,4,21,45,.318,29.0,105.8,112.3,-6.72,2020
968,Central Division,5,Central Division,Central Division,Central Division,Central Division,Central Division,Central Division,Central Division,2020
969,Milwaukee Bucks*,6,56,17,.767,—,118.7,108.6,9.41,2020
970,Indiana Pacers*,7,45,28,.616,11.0,109.4,107.5,1.63,2020
971,Chicago Bulls,8,22,43,.338,30.0,106.8,109.9,-4.00,2020
972,Detroit Pistons,9,20,46,.303,32.5,107.2,110.8,-4.38,2020
973,Cleveland Cavaliers,10,19,46,.292,33.0,106.9,114.8,-7.77,2020
974,Southeast Division,11,Southeast Division,Southeast Division,Southeast Division,Southeast Division,Southeast Division,Southeast Division,Southeast Division,2020
975,Miami Heat*,12,44,29,.603,—,112.0,109.1,2.59,2020
976,Orlando Magic*,13,33,40,.452,11.0,107.3,108.3,-0.93,2020
977,Charlotte Hornets,14,23,42,.354,17.0,102.9,109.6,-7.03,2020
978,Washington Wizards,15,25,47,.347,18.5,114.4,119.1,-5.24,2020
979,Atlanta Hawks,16,20,47,.299,21.0,111.8,119.7,-7.71,2020
980,Northwest Division,0,Northwest Division,Northwest Division,Northwest Division,Northwest Division,Northwest Division,Northwest Division,Northwest Division,2020
981,Denver Nuggets*,1,46,27,.630,—,111.3,109.2,2.35,2020
982,Oklahoma City Thunder*,2,44,28,.611,1.5,110.4,108.4,2.33,2020
983,Utah Jazz*,3,44,28,.611,1.5,111.3,108.8,2.52,2020
984,Portland Trail Blazers*,4,35,39,.473,11.5,115.0,116.1,-0.61,2020
985,Minnesota Timberwolves,5,19,45,.297,22.5,113.3,117.5,-4.02,2020
986,Pacific Division,6,Pacific Division,Pacific Division,Pacific Division,Pacific Division,Pacific Division,Pacific Division,Pacific Division,2020
987,Los Angeles Lakers*,7,52,19,.732,—,113.4,107.6,6.28,2020
988,Los Angeles Clippers*,8,49,23,.681,3.5,116.3,109.9,6.66,2020
989,Phoenix Suns,9,34,39,.466,19.0,113.6,113.4,0.56,2020
990,Sacramento Kings,10,31,41,.431,21.5,110.1,112.1,-1.59,2020
991,Golden State Warriors,11,15,50,.231,34.0,106.3,115.0,-8.12,2020
992,Southwest Division,12,Southwest Division,Southwest Division,Southwest Division,Southwest Division,Southwest Division,Southwest Division,Southwest Division,2020
993,Houston Rockets*,13,44,28,.611,—,117.8,114.8,3.13,2020
994,Dallas Mavericks*,14,43,32,.573,2.5,117.0,112.1,4.87,2020
995,Memphis Grizzlies,15,34,39,.466,10.5,112.6,113.7,-0.91,2020
996,San Antonio Spurs,16,32,39,.451,11.5,114.1,115.2,-0.65,2020
997,New Orleans Pelicans,17,30,42,.417,14.0,115.8,117.1,-0.55,2020
998,Philadelphia 76ers*,0,49,23,.681,—,113.6,108.1,5.28,2021
999,Brooklyn Nets*,1,48,24,.667,1.0,118.6,114.1,4.24,2021
1000,New York Knicks*,2,41,31,.569,8.0,107.0,104.7,2.13,2021
1001,Boston Celtics*,3,36,36,.500,13.0,112.6,111.2,1.32,2021
1002,Toronto Raptors,4,27,45,.375,22.0,111.3,111.7,-0.54,2021
1003,Central Division,5,Central Division,Central Division,Central Division,Central Division,Central Division,Central Division,Central Division,2021
1004,Milwaukee Bucks*,6,46,26,.639,—,120.1,114.2,5.57,2021
1005,Indiana Pacers,7,34,38,.472,12.0,115.3,115.3,-0.13,2021
1006,Chicago Bulls,8,31,41,.431,15.0,110.7,111.6,-0.94,2021
1007,Cleveland Cavaliers,9,22,50,.306,24.0,103.8,112.3,-8.19,2021
1008,Detroit Pistons,10,20,52,.278,26.0,106.6,111.1,-4.38,2021
1009,Southeast Division,11,Southeast Division,Southeast Division,Southeast Division,Southeast Division,Southeast Division,Southeast Division,Southeast Division,2021
1010,Atlanta Hawks*,12,41,31,.569,—,113.7,111.4,2.14,2021
1011,Miami Heat*,13,40,32,.556,1.0,108.1,108.0,-0.06,2021
1012,Washington Wizards*,14,34,38,.472,7.0,116.6,118.5,-1.85,2021
1013,Charlotte Hornets,15,33,39,.458,8.0,109.5,111.4,-1.94,2021
1014,Orlando Magic,16,21,51,.292,20.0,104.0,113.3,-9.02,2021
1015,Northwest Division,0,Northwest Division,Northwest Division,Northwest Division,Northwest Division,Northwest Division,Northwest Division,Northwest Division,2021
1016,Utah Jazz*,1,52,20,.722,—,116.4,107.2,8.97,2021
1017,Denver Nuggets*,2,47,25,.653,5.0,115.1,110.1,4.82,2021
1018,Portland Trail Blazers*,3,42,30,.583,10.0,116.1,114.3,1.81,2021
1019,Minnesota Timberwolves,4,23,49,.319,29.0,112.1,117.7,-5.25,2021
1020,Oklahoma City Thunder,5,22,50,.306,30.0,105.0,115.6,-10.13,2021
1021,Pacific Division,6,Pacific Division,Pacific Division,Pacific Division,Pacific Division,Pacific Division,Pacific Division,Pacific Division,2021
1022,Phoenix Suns*,7,51,21,.708,—,115.3,109.5,5.67,2021
1023,Los Angeles Clippers*,8,47,25,.653,4.0,114.0,107.8,6.02,2021
1024,Los Angeles Lakers*,9,42,30,.583,9.0,109.5,106.8,2.77,2021
1025,Golden State Warriors,10,39,33,.542,12.0,113.7,112.7,1.10,2021
1026,Sacramento Kings,11,31,41,.431,20.0,113.7,117.4,-3.45,2021
1027,Southwest Division,12,Southwest Division,Southwest Division,Southwest Division,Southwest Division,Southwest Division,Southwest Division,Southwest Division,2021
1028,Dallas Mavericks*,13,42,30,.583,—,112.4,110.2,2.26,2021
1029,Memphis Grizzlies*,14,38,34,.528,4.0,113.3,112.3,1.07,2021
1030,San Antonio Spurs,15,33,39,.458,9.0,111.1,112.8,-1.58,2021
1031,New Orleans Pelicans,16,31,41,.431,11.0,114.6,114.9,-0.20,2021
1032,Houston Rockets,17,17,55,.236,25.0,108.8,116.7,-7.50,2021
