Eastern Conference,W,L,W/L%,GB,PS/G,PA/G,SRS,Year,Conference,Western Conference
Boston Celtics*,56,26,.683,—,111.5,105.7,5.22,1991,Eastern,
Philadelphia 76ers*,44,38,.537,12.0,105.4,105.6,-0.39,1991,Eastern,
New York Knicks*,39,43,.476,17.0,103.1,103.3,-0.43,1991,Eastern,
Washington Bullets,30,52,.366,26.0,101.4,106.4,-4.84,1991,Eastern,
New Jersey Nets,26,56,.317,30.0,102.9,107.5,-4.53,1991,Eastern,
Miami Heat,24,58,.293,32.0,101.8,107.8,-5.91,1991,Eastern,
Central Division,Central Division,Central Division,Central Division,Central Division,Central Division,Central Division,Central Division,1991,Eastern,
Chicago Bulls*,61,21,.744,—,110.0,101.0,8.57,1991,Eastern,
Detroit Pistons*,50,32,.610,11.0,100.1,96.8,3.08,1991,Eastern,
Milwaukee Bucks*,48,34,.585,13.0,106.4,104.0,2.33,1991,Eastern,
Atlanta Hawks*,43,39,.524,18.0,109.8,109.0,0.72,1991,Eastern,
Indiana Pacers*,41,41,.500,20.0,111.7,112.1,-0.37,1991,Eastern,
Cleveland Cavaliers,33,49,.402,28.0,101.7,104.2,-2.33,1991,Eastern,
Charlotte Hornets,26,56,.317,35.0,102.8,108.0,-4.95,1991,Eastern,
,Midwest Division,Midwest Division,Midwest Division,Midwest Division,Midwest Division,Midwest Division,Midwest Division,1991,Western,Midwest Division
,55,27,.671,—,107.1,102.6,4.30,1991,Western,San Antonio Spurs*
,54,28,.659,1.0,104.0,100.7,3.18,1991,Western,Utah Jazz*
,52,30,.634,3.0,106.7,103.2,3.27,1991,Western,Houston Rockets*
,31,51,.378,24.0,105.9,109.9,-3.79,1991,Western,Orlando Magic
,29,53,.354,26.0,99.6,103.5,-3.75,1991,Western,Minnesota Timberwolves
,28,54,.341,27.0,99.9,104.5,-4.27,1991,Western,Dallas Mavericks
,20,62,.244,35.0,119.9,130.8,-10.31,1991,Western,Denver Nuggets
,Pacific Division,Pacific Division,Pacific Division,Pacific Division,Pacific Division,Pacific Division,Pacific Division,1991,Western,Pacific Division
,63,19,.768,—,114.7,106.0,8.47,1991,Western,Portland Trail Blazers*
,58,24,.707,5.0,106.3,99.6,6.73,1991,Western,Los Angeles Lakers*
,55,27,.671,8.0,114.0,107.5,6.49,1991,Western,Phoenix Suns*
,44,38,.537,19.0,116.6,115.0,1.72,1991,Western,Golden State Warriors*
,41,41,.500,22.0,106.6,105.4,1.31,1991,Western,Seattle SuperSonics*
,31,51,.378,32.0,103.5,107.0,-3.16,1991,Western,Los Angeles Clippers
,25,57,.305,38.0,96.7,103.5,-6.27,1991,Western,Sacramento Kings
Boston Celtics*,51,31,.622,—,106.6,103.0,3.41,1992,Eastern,
New York Knicks*,51,31,.622,—,101.6,97.7,3.67,1992,Eastern,
New Jersey Nets*,40,42,.488,11.0,105.4,107.1,-1.54,1992,Eastern,
Miami Heat*,38,44,.463,13.0,105.0,109.2,-3.94,1992,Eastern,
Philadelphia 76ers,35,47,.427,16.0,101.9,103.2,-1.34,1992,Eastern,
Washington Bullets,25,57,.305,26.0,102.4,106.8,-4.35,1992,Eastern,
Orlando Magic,21,61,.256,30.0,101.6,108.5,-6.52,1992,Eastern,
Central Division,Central Division,Central Division,Central Division,Central Division,Central Division,Central Division,Central Division,1992,Eastern,
Chicago Bulls*,67,15,.817,—,109.9,99.5,10.07,1992,Eastern,
Cleveland Cavaliers*,57,25,.695,10.0,108.9,103.4,5.34,1992,Eastern,
Detroit Pistons*,48,34,.585,19.0,98.9,96.9,2.06,1992,Eastern,
Indiana Pacers*,40,42,.488,27.0,112.2,110.3,1.85,1992,Eastern,
Atlanta Hawks,38,44,.463,29.0,106.2,107.7,-1.15,1992,Eastern,
Milwaukee Bucks,31,51,.378,36.0,105.0,106.7,-1.46,1992,Eastern,
Charlotte Hornets,31,51,.378,36.0,109.5,113.4,-3.57,1992,Eastern,
,Midwest Division,Midwest Division,Midwest Division,Midwest Division,Midwest Division,Midwest Division,Midwest Division,1992,Western,Midwest Division
,55,27,.671,—,108.3,101.9,5.70,1992,Western,Utah Jazz*
,47,35,.573,8.0,104.0,100.6,2.81,1992,Western,San Antonio Spurs*
,42,40,.512,13.0,102.0,103.7,-1.94,1992,Western,Houston Rockets
,24,58,.293,31.0,99.7,107.6,-7.59,1992,Western,Denver Nuggets
,22,60,.268,33.0,97.6,105.3,-7.47,1992,Western,Dallas Mavericks
,15,67,.183,40.0,100.5,107.5,-6.85,1992,Western,Minnesota Timberwolves
,Pacific Division,Pacific Division,Pacific Division,Pacific Division,Pacific Division,Pacific Division,Pacific Division,1992,Western,Pacific Division
,57,25,.695,—,111.4,104.1,6.94,1992,Western,Portland Trail Blazers*
,55,27,.671,2.0,118.7,114.8,3.77,1992,Western,Golden State Warriors*
,53,29,.646,4.0,112.1,106.2,5.68,1992,Western,Phoenix Suns*
,47,35,.573,10.0,106.5,104.7,1.86,1992,Western,Seattle SuperSonics*
,45,37,.549,12.0,102.9,101.9,1.10,1992,Western,Los Angeles Clippers*
,43,39,.524,14.0,100.4,101.5,-0.95,1992,Western,Los Angeles Lakers*
,29,53,.354,28.0,104.3,110.3,-5.63,1992,Western,Sacramento Kings
New York Knicks*,60,22,.732,—,101.6,95.4,5.87,1993,Eastern,
Boston Celtics*,48,34,.585,12.0,103.7,102.8,0.93,1993,Eastern,
New Jersey Nets*,43,39,.524,17.0,102.8,101.6,1.20,1993,Eastern,
Orlando Magic,41,41,.500,19.0,105.5,104.2,1.35,1993,Eastern,
Miami Heat,36,46,.439,24.0,103.6,104.7,-0.93,1993,Eastern,
Philadelphia 76ers,26,56,.317,34.0,104.3,110.1,-5.25,1993,Eastern,
Washington Bullets,22,60,.268,38.0,101.9,108.9,-6.49,1993,Eastern,
Central Division,Central Division,Central Division,Central Division,Central Division,Central Division,Central Division,Central Division,1993,Eastern,
Chicago Bulls*,57,25,.695,—,105.2,98.9,6.19,1993,Eastern,
Cleveland Cavaliers*,54,28,.659,3.0,107.7,101.3,6.30,1993,Eastern,
Charlotte Hornets*,44,38,.537,13.0,110.1,110.4,-0.02,1993,Eastern,
Atlanta Hawks*,43,39,.524,14.0,107.5,108.4,-0.67,1993,Eastern,
Indiana Pacers*,41,41,.500,16.0,107.8,106.1,1.77,1993,Eastern,
Detroit Pistons,40,42,.488,17.0,100.6,102.0,-1.10,1993,Eastern,
Milwaukee Bucks,28,54,.341,29.0,102.3,106.1,-3.26,1993,Eastern,
,Midwest Division,Midwest Division,Midwest Division,Midwest Division,Midwest Division,Midwest Division,Midwest Division,1993,Western,Midwest Division
,55,27,.671,—,104.0,99.8,3.57,1993,Western,Houston Rockets*
,49,33,.598,6.0,105.5,102.8,2.21,1993,Western,San Antonio Spurs*
,47,35,.573,8.0,106.2,104.0,1.74,1993,Western,Utah Jazz*
,36,46,.439,19.0,105.2,106.9,-2.14,1993,Western,Denver Nuggets
,19,63,.232,36.0,98.1,105.9,-7.62,1993,Western,Minnesota Timberwolves
,11,71,.134,44.0,99.3,114.5,-14.68,1993,Western,Dallas Mavericks
,Pacific Division,Pacific Division,Pacific Division,Pacific Division,Pacific Division,Pacific Division,Pacific Division,1993,Western,Pacific Division
,62,20,.756,—,113.4,106.7,6.27,1993,Western,Phoenix Suns*
,55,27,.671,7.0,108.3,101.3,6.66,1993,Western,Seattle SuperSonics*
,51,31,.622,11.0,108.5,105.4,2.92,1993,Western,Portland Trail Blazers*
,41,41,.500,21.0,107.1,106.8,0.33,1993,Western,Los Angeles Clippers*
,39,43,.476,23.0,104.2,105.5,-1.20,1993,Western,Los Angeles Lakers*
,34,48,.415,28.0,109.9,110.9,-0.94,1993,Western,Golden State Warriors
,25,57,.305,37.0,107.9,111.1,-3.00,1993,Western,Sacramento Kings
New York Knicks*,57,25,.695,—,98.5,91.5,6.48,1994,Eastern,
Orlando Magic*,50,32,.610,7.0,105.7,101.8,3.68,1994,Eastern,
New Jersey Nets*,45,37,.549,12.0,103.2,101.0,2.11,1994,Eastern,
Miami Heat*,42,40,.512,15.0,103.4,100.7,2.40,1994,Eastern,
Boston Celtics,32,50,.390,25.0,100.8,105.1,-4.28,1994,Eastern,
Philadelphia 76ers,25,57,.305,32.0,98.0,105.6,-7.37,1994,Eastern,
Washington Bullets,24,58,.293,33.0,100.4,107.7,-7.13,1994,Eastern,
Central Division,Central Division,Central Division,Central Division,Central Division,Central Division,Central Division,Central Division,1994,Eastern,
Atlanta Hawks*,57,25,.695,—,101.4,96.2,4.94,1994,Eastern,
Chicago Bulls*,55,27,.671,2.0,98.0,94.9,2.87,1994,Eastern,
Indiana Pacers*,47,35,.573,10.0,101.0,97.5,3.26,1994,Eastern,
Cleveland Cavaliers*,47,35,.573,10.0,101.2,97.1,3.64,1994,Eastern,
Charlotte Hornets,41,41,.500,16.0,106.5,106.7,-0.23,1994,Eastern,
Milwaukee Bucks,20,62,.244,37.0,96.9,103.4,-6.24,1994,Eastern,
Detroit Pistons,20,62,.244,37.0,96.9,104.7,-7.46,1994,Eastern,
,Midwest Division,Midwest Division,Midwest Division,Midwest Division,Midwest Division,Midwest Division,Midwest Division,1994,Western,Midwest Division
,58,24,.707,—,101.1,96.8,4.19,1994,Western,Houston Rockets*
,55,27,.671,3.0,100.0,94.8,5.05,1994,Western,San Antonio Spurs*
,53,29,.646,5.0,101.9,97.7,4.10,1994,Western,Utah Jazz*
,42,40,.512,16.0,100.3,98.8,1.54,1994,Western,Denver Nuggets*
,20,62,.244,38.0,96.7,103.6,-6.55,1994,Western,Minnesota Timberwolves
,13,69,.159,45.0,95.1,103.8,-8.19,1994,Western,Dallas Mavericks
,Pacific Division,Pacific Division,Pacific Division,Pacific Division,Pacific Division,Pacific Division,Pacific Division,1994,Western,Pacific Division
,63,19,.768,—,105.9,96.9,8.68,1994,Western,Seattle SuperSonics*
,56,26,.683,7.0,108.2,103.4,4.68,1994,Western,Phoenix Suns*
,50,32,.610,13.0,107.9,106.1,1.76,1994,Western,Golden State Warriors*
,47,35,.573,16.0,107.3,104.6,2.60,1994,Western,Portland Trail Blazers*
,33,49,.402,30.0,100.4,104.7,-3.93,1994,Western,Los Angeles Lakers
,28,54,.341,35.0,101.1,106.9,-5.32,1994,Western,Sacramento Kings
,27,55,.329,36.0,103.0,108.7,-5.28,1994,Western,Los Angeles Clippers
Orlando Magic*,57,25,.695,—,110.9,103.8,6.44,1995,Eastern,
New York Knicks*,55,27,.671,2.0,98.2,95.1,2.78,1995,Eastern,
Boston Celtics*,35,47,.427,22.0,102.8,104.7,-1.92,1995,Eastern,
Miami Heat,32,50,.390,25.0,101.1,102.8,-1.85,1995,Eastern,
New Jersey Nets,30,52,.366,27.0,98.1,101.2,-3.28,1995,Eastern,
Philadelphia 76ers,24,58,.293,33.0,95.4,100.4,-5.06,1995,Eastern,
Washington Bullets,21,61,.256,36.0,100.5,106.1,-5.56,1995,Eastern,
Central Division,Central Division,Central Division,Central Division,Central Division,Central Division,Central Division,Central Division,1995,Eastern,
Indiana Pacers*,52,30,.634,—,99.2,95.5,3.35,1995,Eastern,
Charlotte Hornets*,50,32,.610,2.0,100.6,97.3,2.87,1995,Eastern,
Chicago Bulls*,47,35,.573,5.0,101.5,96.7,4.32,1995,Eastern,
Cleveland Cavaliers*,43,39,.524,9.0,90.5,89.8,0.55,1995,Eastern,
Atlanta Hawks*,42,40,.512,10.0,96.6,95.3,1.06,1995,Eastern,
Milwaukee Bucks,34,48,.415,18.0,99.3,103.7,-4.30,1995,Eastern,
Detroit Pistons,28,54,.341,24.0,98.2,105.5,-7.08,1995,Eastern,
,Midwest Division,Midwest Division,Midwest Division,Midwest Division,Midwest Division,Midwest Division,Midwest Division,1995,Western,Midwest Division
,62,20,.756,—,106.6,100.6,5.90,1995,Western,San Antonio Spurs*
,60,22,.732,2.0,106.4,98.4,7.76,1995,Western,Utah Jazz*
,47,35,.573,15.0,103.5,101.4,2.32,1995,Western,Houston Rockets*
,41,41,.500,21.0,101.3,100.5,0.96,1995,Western,Denver Nuggets*
,36,46,.439,26.0,103.2,106.1,-2.39,1995,Western,Dallas Mavericks
,21,61,.256,41.0,94.2,103.2,-8.22,1995,Western,Minnesota Timberwolves
,Pacific Division,Pacific Division,Pacific Division,Pacific Division,Pacific Division,Pacific Division,Pacific Division,1995,Western,Pacific Division
,59,23,.720,—,110.6,106.8,3.86,1995,Western,Phoenix Suns*
,57,25,.695,2.0,110.4,102.2,7.91,1995,Western,Seattle SuperSonics*
,48,34,.585,11.0,105.1,105.3,-0.01,1995,Western,Los Angeles Lakers*
,44,38,.537,15.0,103.1,99.2,3.80,1995,Western,Portland Trail Blazers*
,39,43,.476,20.0,98.2,99.2,-0.74,1995,Western,Sacramento Kings
,26,56,.317,33.0,105.7,111.1,-4.90,1995,Western,Golden State Warriors
,17,65,.207,42.0,96.7,105.8,-8.43,1995,Western,Los Angeles Clippers
Orlando Magic*,60,22,.732,—,104.5,99.0,5.40,1996,Eastern,
New York Knicks*,47,35,.573,13.0,97.2,94.9,2.24,1996,Eastern,
Miami Heat*,42,40,.512,18.0,96.5,95.0,1.46,1996,Eastern,
Washington Bullets,39,43,.476,21.0,102.5,101.5,0.99,1996,Eastern,
Boston Celtics,33,49,.402,27.0,103.6,107.0,-3.37,1996,Eastern,
New Jersey Nets,30,52,.366,30.0,93.7,97.9,-4.14,1996,Eastern,
Philadelphia 76ers,18,64,.220,42.0,94.5,104.5,-9.45,1996,Eastern,
Central Division,Central Division,Central Division,Central Division,Central Division,Central Division,Central Division,Central Division,1996,Eastern,
Chicago Bulls*,72,10,.878,—,105.2,92.9,11.80,1996,Eastern,
Indiana Pacers*,52,30,.634,20.0,99.3,96.1,3.11,1996,Eastern,
Cleveland Cavaliers*,47,35,.573,25.0,91.1,88.5,2.49,1996,Eastern,
Atlanta Hawks*,46,36,.561,26.0,98.3,97.1,1.29,1996,Eastern,
Detroit Pistons*,46,36,.561,26.0,95.4,92.9,2.45,1996,Eastern,
Charlotte Hornets,41,41,.500,31.0,102.8,103.4,-0.48,1996,Eastern,
Milwaukee Bucks,25,57,.305,47.0,95.6,100.9,-4.92,1996,Eastern,
Toronto Raptors,21,61,.256,51.0,97.5,105.0,-7.20,1996,Eastern,
,Midwest Division,Midwest Division,Midwest Division,Midwest Division,Midwest Division,Midwest Division,Midwest Division,1996,Western,Midwest Division
,59,23,.720,—,103.4,97.1,5.98,1996,Western,San Antonio Spurs*
,55,27,.671,4.0,102.5,95.9,6.25,1996,Western,Utah Jazz*
,48,34,.585,11.0,102.5,100.7,1.63,1996,Western,Houston Rockets*
,35,47,.427,24.0,97.7,100.4,-2.62,1996,Western,Denver Nuggets
,26,56,.317,33.0,97.9,103.2,-5.14,1996,Western,Minnesota Timberwolves
,26,56,.317,33.0,102.5,107.5,-4.71,1996,Western,Dallas Mavericks
,15,67,.183,44.0,89.8,99.8,-9.55,1996,Western,Vancouver Grizzlies
,Pacific Division,Pacific Division,Pacific Division,Pacific Division,Pacific Division,Pacific Division,Pacific Division,1996,Western,Pacific Division
,64,18,.780,—,104.5,96.7,7.40,1996,Western,Seattle SuperSonics*
,53,29,.646,11.0,102.9,98.5,4.21,1996,Western,Los Angeles Lakers*
,44,38,.537,20.0,99.3,97.0,2.21,1996,Western,Portland Trail Blazers*
,41,41,.500,23.0,104.3,104.0,0.28,1996,Western,Phoenix Suns*
,39,43,.476,25.0,99.5,102.3,-2.62,1996,Western,Sacramento Kings*
,36,46,.439,28.0,101.6,103.1,-1.42,1996,Western,Golden State Warriors
,29,53,.354,35.0,99.4,103.0,-3.46,1996,Western,Los Angeles Clippers
Miami Heat*,61,21,.744,—,94.8,89.3,5.56,1997,Eastern,
New York Knicks*,57,25,.695,4.0,95.4,92.2,3.31,1997,Eastern,
Orlando Magic*,45,37,.549,16.0,94.1,94.5,-0.07,1997,Eastern,
Washington Bullets*,44,38,.537,17.0,99.4,97.7,1.77,1997,Eastern,
New Jersey Nets,26,56,.317,35.0,97.2,101.8,-3.89,1997,Eastern,
Philadelphia 76ers,22,60,.268,39.0,100.2,106.7,-5.89,1997,Eastern,
Boston Celtics,15,67,.183,46.0,100.6,107.9,-6.62,1997,Eastern,
Central Division,Central Division,Central Division,Central Division,Central Division,Central Division,Central Division,Central Division,1997,Eastern,
Chicago Bulls*,69,13,.841,—,103.1,92.3,10.70,1997,Eastern,
Atlanta Hawks*,56,26,.683,13.0,94.8,89.4,5.52,1997,Eastern,
Detroit Pistons*,54,28,.659,15.0,94.2,88.9,5.45,1997,Eastern,
Charlotte Hornets*,54,28,.659,15.0,98.9,97.0,2.13,1997,Eastern,
Cleveland Cavaliers,42,40,.512,27.0,87.5,85.6,2.32,1997,Eastern,
Indiana Pacers,39,43,.476,30.0,95.4,94.4,1.49,1997,Eastern,
Milwaukee Bucks,33,49,.402,36.0,95.3,97.2,-1.38,1997,Eastern,
Toronto Raptors,30,52,.366,39.0,95.5,98.6,-2.56,1997,Eastern,
,Midwest Division,Midwest Division,Midwest Division,Midwest Division,Midwest Division,Midwest Division,Midwest Division,1997,Western,Midwest Division
,64,18,.780,—,103.1,94.3,7.97,1997,Western,Utah Jazz*
,57,25,.695,7.0,100.6,96.1,3.85,1997,Western,Houston Rockets*
,40,42,.488,24.0,96.1,97.6,-1.82,1997,Western,Minnesota Timberwolves*
,24,58,.293,40.0,90.6,97.0,-6.47,1997,Western,Dallas Mavericks
,21,61,.256,43.0,97.8,104.1,-6.40,1997,Western,Denver Nuggets
,20,62,.244,44.0,90.5,98.3,-7.93,1997,Western,San Antonio Spurs
,14,68,.171,50.0,89.2,99.4,-10.17,1997,Western,Vancouver Grizzlies
,Pacific Division,Pacific Division,Pacific Division,Pacific Division,Pacific Division,Pacific Division,Pacific Division,1997,Western,Pacific Division
,57,25,.695,—,100.9,93.2,6.91,1997,Western,Seattle SuperSonics*
,56,26,.683,1.0,100.0,95.7,3.66,1997,Western,Los Angeles Lakers*
,49,33,.598,8.0,99.0,94.8,3.56,1997,Western,Portland Trail Blazers*
,40,42,.488,17.0,102.8,102.2,0.21,1997,Western,Phoenix Suns*
,36,46,.439,21.0,97.2,99.5,-2.66,1997,Western,Los Angeles Clippers*
,34,48,.415,23.0,96.4,99.8,-3.64,1997,Western,Sacramento Kings
,30,52,.366,27.0,99.6,104.4,-4.90,1997,Western,Golden State Warriors
Miami Heat*,55,27,.671,—,95.0,90.0,5.09,1998,Eastern,
New York Knicks*,43,39,.524,12.0,91.6,89.1,2.74,1998,Eastern,
New Jersey Nets*,43,39,.524,12.0,99.6,98.1,1.88,1998,Eastern,
Washington Wizards,42,40,.512,13.0,97.2,96.6,1.11,1998,Eastern,
Orlando Magic,41,41,.500,14.0,90.1,91.2,-0.53,1998,Eastern,
Boston Celtics,36,46,.439,19.0,95.9,98.5,-1.96,1998,Eastern,
Philadelphia 76ers,31,51,.378,24.0,93.3,95.7,-1.89,1998,Eastern,
Central Division,Central Division,Central Division,Central Division,Central Division,Central Division,Central Division,Central Division,1998,Eastern,
Chicago Bulls*,62,20,.756,—,96.7,89.6,7.24,1998,Eastern,
Indiana Pacers*,58,24,.707,4.0,96.0,89.9,6.25,1998,Eastern,
Charlotte Hornets*,51,31,.622,11.0,96.6,94.6,2.45,1998,Eastern,
Atlanta Hawks*,50,32,.610,12.0,95.9,92.3,3.85,1998,Eastern,
Cleveland Cavaliers*,47,35,.573,15.0,92.5,89.8,3.06,1998,Eastern,
Detroit Pistons,37,45,.451,25.0,94.2,92.6,1.95,1998,Eastern,
Milwaukee Bucks,36,46,.439,26.0,94.5,96.4,-1.33,1998,Eastern,
Toronto Raptors,16,66,.195,46.0,94.9,104.2,-8.33,1998,Eastern,
,Midwest Division,Midwest Division,Midwest Division,Midwest Division,Midwest Division,Midwest Division,Midwest Division,1998,Western,Midwest Division
,62,20,.756,—,101.0,94.4,5.73,1998,Western,Utah Jazz*
,56,26,.683,6.0,92.5,88.5,3.30,1998,Western,San Antonio Spurs*
,45,37,.549,17.0,101.1,100.4,0.17,1998,Western,Minnesota Timberwolves*
,41,41,.500,21.0,98.8,99.5,-1.23,1998,Western,Houston Rockets*
,20,62,.244,42.0,91.4,97.5,-6.33,1998,Western,Dallas Mavericks
,19,63,.232,43.0,96.6,103.9,-7.47,1998,Western,Vancouver Grizzlies
,11,71,.134,51.0,89.0,100.8,-11.74,1998,Western,Denver Nuggets
,Pacific Division,Pacific Division,Pacific Division,Pacific Division,Pacific Division,Pacific Division,Pacific Division,1998,Western,Pacific Division
,61,21,.744,—,100.6,93.4,6.33,1998,Western,Seattle SuperSonics*
,61,21,.744,—,105.5,97.8,6.88,1998,Western,Los Angeles Lakers*
,56,26,.683,5.0,99.6,94.4,4.44,1998,Western,Phoenix Suns*
,46,36,.561,15.0,94.3,92.9,0.83,1998,Western,Portland Trail Blazers*
,27,55,.329,34.0,93.1,98.7,-5.83,1998,Western,Sacramento Kings
,19,63,.232,42.0,88.3,97.4,-9.20,1998,Western,Golden State Warriors
,17,65,.207,44.0,95.9,103.3,-7.53,1998,Western,Los Angeles Clippers
Miami Heat*,33,17,.660,—,89.0,84.0,5.11,1999,Eastern,
Orlando Magic*,33,17,.660,—,89.5,86.9,3.11,1999,Eastern,
Philadelphia 76ers*,28,22,.560,5.0,89.7,87.6,2.56,1999,Eastern,
New York Knicks*,27,23,.540,6.0,86.4,85.4,1.45,1999,Eastern,
Boston Celtics,19,31,.380,14.0,93.0,94.9,-1.75,1999,Eastern,
Washington Wizards,18,32,.360,15.0,91.2,93.4,-1.75,1999,Eastern,
New Jersey Nets,16,34,.320,17.0,91.4,95.2,-3.20,1999,Eastern,
Central Division,Central Division,Central Division,Central Division,Central Division,Central Division,Central Division,Central Division,1999,Eastern,
Indiana Pacers*,33,17,.660,—,94.7,90.9,3.86,1999,Eastern,
Atlanta Hawks*,31,19,.620,2.0,86.3,83.4,2.82,1999,Eastern,
Detroit Pistons*,29,21,.580,4.0,90.4,86.9,3.97,1999,Eastern,
Milwaukee Bucks*,28,22,.560,5.0,91.7,90.0,1.66,1999,Eastern,
Charlotte Hornets,26,24,.520,7.0,92.9,93.0,0.63,1999,Eastern,
Toronto Raptors,23,27,.460,10.0,91.1,92.8,-1.32,1999,Eastern,
Cleveland Cavaliers,22,28,.440,11.0,86.4,88.2,-0.94,1999,Eastern,
Chicago Bulls,13,37,.260,20.0,81.9,91.4,-8.58,1999,Eastern,
,Midwest Division,Midwest Division,Midwest Division,Midwest Division,Midwest Division,Midwest Division,Midwest Division,1999,Western,Midwest Division
,37,13,.740,—,92.8,84.7,7.12,1999,Western,San Antonio Spurs*
,37,13,.740,—,93.3,86.8,5.54,1999,Western,Utah Jazz*
,31,19,.620,6.0,94.2,91.9,1.39,1999,Western,Houston Rockets*
,25,25,.500,12.0,92.9,92.6,-0.17,1999,Western,Minnesota Timberwolves*
,19,31,.380,18.0,91.6,94.0,-2.50,1999,Western,Dallas Mavericks
,14,36,.280,23.0,93.5,100.1,-6.67,1999,Western,Denver Nuggets
,8,42,.160,29.0,88.9,97.5,-8.94,1999,Western,Vancouver Grizzlies
,Pacific Division,Pacific Division,Pacific Division,Pacific Division,Pacific Division,Pacific Division,Pacific Division,1999,Western,Pacific Division
,35,15,.700,—,94.8,88.5,5.67,1999,Western,Portland Trail Blazers*
,31,19,.620,4.0,99.0,96.0,2.68,1999,Western,Los Angeles Lakers*
,27,23,.540,8.0,95.6,93.3,2.15,1999,Western,Phoenix Suns*
,27,23,.540,8.0,100.2,100.6,-0.89,1999,Western,Sacramento Kings*
,25,25,.500,10.0,94.9,95.9,-1.43,1999,Western,Seattle SuperSonics
,21,29,.420,14.0,88.3,90.8,-2.63,1999,Western,Golden State Warriors
,9,41,.180,26.0,90.4,99.2,-8.94,1999,Western,Los Angeles Clippers
Miami Heat*,52,30,.634,—,94.4,91.3,2.75,2000,Eastern,
New York Knicks*,50,32,.610,2.0,92.1,90.7,1.30,2000,Eastern,
Philadelphia 76ers*,49,33,.598,3.0,94.8,93.4,1.02,2000,Eastern,
Orlando Magic,41,41,.500,11.0,100.1,99.4,0.43,2000,Eastern,
Boston Celtics,35,47,.427,17.0,99.3,100.1,-1.00,2000,Eastern,
New Jersey Nets,31,51,.378,21.0,98.0,99.0,-1.18,2000,Eastern,
Washington Wizards,29,53,.354,23.0,96.6,99.9,-3.47,2000,Eastern,
Central Division,Central Division,Central Division,Central Division,Central Division,Central Division,Central Division,Central Division,2000,Eastern,
Indiana Pacers*,56,26,.683,—,101.3,96.7,4.15,2000,Eastern,
Charlotte Hornets*,49,33,.598,7.0,98.4,95.8,2.33,2000,Eastern,
Toronto Raptors*,45,37,.549,11.0,97.2,97.3,-0.46,2000,Eastern,
Detroit Pistons*,42,40,.512,14.0,103.5,102.0,1.13,2000,Eastern,
Milwaukee Bucks*,42,40,.512,14.0,101.2,101.0,-0.06,2000,Eastern,
Cleveland Cavaliers,32,50,.390,24.0,97.0,100.5,-3.64,2000,Eastern,
Atlanta Hawks,28,54,.341,28.0,94.3,99.7,-5.41,2000,Eastern,
Chicago Bulls,17,65,.207,39.0,84.8,94.2,-9.23,2000,Eastern,
,Midwest Division,Midwest Division,Midwest Division,Midwest Division,Midwest Division,Midwest Division,Midwest Division,2000,Western,Midwest Division
,55,27,.671,—,96.5,92.0,4.52,2000,Western,Utah Jazz*
,53,29,.646,2.0,96.2,90.2,5.92,2000,Western,San Antonio Spurs*
,50,32,.610,5.0,98.5,96.0,2.67,2000,Western,Minnesota Timberwolves*
,40,42,.488,15.0,101.4,102.0,-0.29,2000,Western,Dallas Mavericks
,35,47,.427,20.0,99.0,101.1,-1.76,2000,Western,Denver Nuggets
,34,48,.415,21.0,99.5,100.3,-0.57,2000,Western,Houston Rockets
,22,60,.268,33.0,93.9,99.5,-5.10,2000,Western,Vancouver Grizzlies
,Pacific Division,Pacific Division,Pacific Division,Pacific Division,Pacific Division,Pacific Division,Pacific Division,2000,Western,Pacific Division
,67,15,.817,—,100.8,92.3,8.41,2000,Western,Los Angeles Lakers*
,59,23,.720,8.0,97.5,91.0,6.36,2000,Western,Portland Trail Blazers*
,53,29,.646,14.0,98.9,93.7,5.24,2000,Western,Phoenix Suns*
,45,37,.549,22.0,99.1,98.1,1.17,2000,Western,Seattle SuperSonics*
,44,38,.537,23.0,105.0,102.0,3.04,2000,Western,Sacramento Kings*
,19,63,.232,48.0,95.5,103.8,-7.63,2000,Western,Golden State Warriors
,15,67,.183,52.0,92.0,103.5,-10.73,2000,Western,Los Angeles Clippers
Philadelphia 76ers*,56,26,.683,—,94.7,90.4,3.64,2001,Eastern,
Miami Heat*,50,32,.610,6.0,88.9,86.6,1.73,2001,Eastern,
New York Knicks*,48,34,.585,8.0,88.7,86.1,1.98,2001,Eastern,
Orlando Magic*,43,39,.524,13.0,97.5,96.5,0.39,2001,Eastern,
Boston Celtics,36,46,.439,20.0,94.6,96.8,-2.40,2001,Eastern,
New Jersey Nets,26,56,.317,30.0,92.1,97.1,-5.30,2001,Eastern,
Washington Wizards,19,63,.232,37.0,93.2,99.9,-6.75,2001,Eastern,
Central Division,Central Division,Central Division,Central Division,Central Division,Central Division,Central Division,Central Division,2001,Eastern,
Milwaukee Bucks*,52,30,.634,—,100.7,96.9,3.14,2001,Eastern,
Toronto Raptors*,47,35,.573,5.0,97.6,95.4,1.69,2001,Eastern,
Charlotte Hornets*,46,36,.561,6.0,91.9,89.8,1.45,2001,Eastern,
Indiana Pacers*,41,41,.500,11.0,92.6,92.8,-0.77,2001,Eastern,
Detroit Pistons,32,50,.390,20.0,95.6,97.3,-2.08,2001,Eastern,
Cleveland Cavaliers,30,52,.366,22.0,92.2,96.5,-4.48,2001,Eastern,
Atlanta Hawks,25,57,.305,27.0,91.0,96.2,-5.55,2001,Eastern,
Chicago Bulls,15,67,.183,37.0,87.6,96.7,-9.09,2001,Eastern,
,Midwest Division,Midwest Division,Midwest Division,Midwest Division,Midwest Division,Midwest Division,Midwest Division,2001,Western,Midwest Division
,58,24,.707,—,96.2,88.4,7.92,2001,Western,San Antonio Spurs*
,53,29,.646,5.0,97.1,92.4,5.00,2001,Western,Utah Jazz*
,53,29,.646,5.0,100.5,96.2,4.61,2001,Western,Dallas Mavericks*
,47,35,.573,11.0,97.3,96.0,1.81,2001,Western,Minnesota Timberwolves*
,45,37,.549,13.0,97.2,94.9,2.71,2001,Western,Houston Rockets
,40,42,.488,18.0,96.6,99.0,-1.83,2001,Western,Denver Nuggets
,23,59,.280,35.0,91.7,97.5,-4.94,2001,Western,Vancouver Grizzlies
,Pacific Division,Pacific Division,Pacific Division,Pacific Division,Pacific Division,Pacific Division,Pacific Division,2001,Western,Pacific Division
,56,26,.683,—,100.6,97.2,3.74,2001,Western,Los Angeles Lakers*
,55,27,.671,1.0,101.7,95.9,6.07,2001,Western,Sacramento Kings*
,51,31,.622,5.0,94.0,91.8,2.63,2001,Western,Phoenix Suns*
,50,32,.610,6.0,95.4,91.2,4.52,2001,Western,Portland Trail Blazers*
,44,38,.537,12.0,97.3,97.3,0.55,2001,Western,Seattle SuperSonics
,31,51,.378,25.0,92.5,95.3,-2.23,2001,Western,Los Angeles Clippers
,17,65,.207,39.0,92.5,101.5,-8.11,2001,Western,Golden State Warriors
New Jersey Nets*,52,30,.634,—,96.2,92.0,3.67,2002,Eastern,
Boston Celtics*,49,33,.598,3.0,96.4,94.1,1.75,2002,Eastern,
Orlando Magic*,44,38,.537,8.0,100.5,98.9,1.25,2002,Eastern,
Philadelphia 76ers*,43,39,.524,9.0,91.0,89.4,1.27,2002,Eastern,
Washington Wizards,37,45,.451,15.0,92.8,94.2,-1.58,2002,Eastern,
Miami Heat,36,46,.439,16.0,87.2,88.7,-1.84,2002,Eastern,
New York Knicks,30,52,.366,22.0,91.6,95.6,-4.15,2002,Eastern,
Central Division,Central Division,Central Division,Central Division,Central Division,Central Division,Central Division,Central Division,2002,Eastern,
Detroit Pistons*,50,32,.610,—,94.3,92.2,1.69,2002,Eastern,
Charlotte Hornets*,44,38,.537,6.0,93.9,92.9,0.57,2002,Eastern,
Toronto Raptors*,42,40,.512,8.0,91.4,91.8,-0.71,2002,Eastern,
Indiana Pacers*,42,40,.512,8.0,96.8,96.5,-0.07,2002,Eastern,
Milwaukee Bucks,41,41,.500,9.0,97.5,97.7,-0.62,2002,Eastern,
Atlanta Hawks,33,49,.402,17.0,94.0,98.3,-4.41,2002,Eastern,
Cleveland Cavaliers,29,53,.354,21.0,95.3,98.6,-3.52,2002,Eastern,
Chicago Bulls,21,61,.256,29.0,89.5,98.0,-8.52,2002,Eastern,
,Midwest Division,Midwest Division,Midwest Division,Midwest Division,Midwest Division,Midwest Division,Midwest Division,2002,Western,Midwest Division
,58,24,.707,—,96.7,90.5,6.28,2002,Western,San Antonio Spurs*
,57,25,.695,1.0,105.2,101.0,4.41,2002,Western,Dallas Mavericks*
,50,32,.610,8.0,99.3,96.0,3.58,2002,Western,Minnesota Timberwolves*
,44,38,.537,14.0,96.0,95.1,1.21,2002,Western,Utah Jazz*
,28,54,.341,30.0,92.3,97.2,-4.31,2002,Western,Houston Rockets
,27,55,.329,31.0,92.2,98.0,-5.19,2002,Western,Denver Nuggets
,23,59,.280,35.0,89.9,97.3,-6.74,2002,Western,Memphis Grizzlies
,Pacific Division,Pacific Division,Pacific Division,Pacific Division,Pacific Division,Pacific Division,Pacific Division,2002,Western,Pacific Division
,61,21,.744,—,104.6,97.0,7.61,2002,Western,Sacramento Kings*
,58,24,.707,3.0,101.3,94.1,7.15,2002,Western,Los Angeles Lakers*
,49,33,.598,12.0,96.6,93.7,3.21,2002,Western,Portland Trail Blazers*
,45,37,.549,16.0,97.7,94.7,3.24,2002,Western,Seattle SuperSonics*
,39,43,.476,22.0,95.7,96.1,-0.09,2002,Western,Los Angeles Clippers
,36,46,.439,25.0,95.1,95.8,-0.30,2002,Western,Phoenix Suns
,21,61,.256,40.0,97.7,103.1,-4.80,2002,Western,Golden State Warriors
New Jersey Nets*,49,33,.598,—,95.4,90.1,4.42,2003,Eastern,
Philadelphia 76ers*,48,34,.585,1.0,96.8,94.5,1.76,2003,Eastern,
Boston Celtics*,44,38,.537,5.0,92.7,93.1,-0.75,2003,Eastern,
Orlando Magic*,42,40,.512,7.0,98.5,98.4,-0.39,2003,Eastern,
Washington Wizards,37,45,.451,12.0,91.5,92.5,-1.47,2003,Eastern,
New York Knicks,37,45,.451,12.0,95.9,97.2,-1.61,2003,Eastern,
Miami Heat,25,57,.305,24.0,85.6,90.6,-5.13,2003,Eastern,
Central Division,Central Division,Central Division,Central Division,Central Division,Central Division,Central Division,Central Division,2003,Eastern,
Detroit Pistons*,50,32,.610,—,91.4,87.7,2.97,2003,Eastern,
Indiana Pacers*,48,34,.585,2.0,96.8,93.3,2.79,2003,Eastern,
New Orleans Hornets*,47,35,.573,3.0,93.9,91.8,1.52,2003,Eastern,
Milwaukee Bucks*,42,40,.512,8.0,99.5,99.3,-0.24,2003,Eastern,
Atlanta Hawks,35,47,.427,15.0,94.1,97.6,-3.87,2003,Eastern,
Chicago Bulls,30,52,.366,20.0,95.0,100.1,-5.31,2003,Eastern,
Toronto Raptors,24,58,.293,26.0,90.9,96.8,-6.10,2003,Eastern,
Cleveland Cavaliers,17,65,.207,33.0,91.4,101.0,-9.59,2003,Eastern,
,Midwest Division,Midwest Division,Midwest Division,Midwest Division,Midwest Division,Midwest Division,Midwest Division,2003,Western,Midwest Division
,60,22,.732,—,95.8,90.4,5.65,2003,Western,San Antonio Spurs*
,60,22,.732,—,103.0,95.2,7.90,2003,Western,Dallas Mavericks*
,51,31,.622,9.0,98.1,96.0,2.46,2003,Western,Minnesota Timberwolves*
,47,35,.573,13.0,94.7,92.3,2.76,2003,Western,Utah Jazz*
,43,39,.524,17.0,93.8,92.3,1.89,2003,Western,Houston Rockets
,28,54,.341,32.0,97.5,100.7,-2.60,2003,Western,Memphis Grizzlies
,17,65,.207,43.0,84.2,92.4,-7.41,2003,Western,Denver Nuggets
,Pacific Division,Pacific Division,Pacific Division,Pacific Division,Pacific Division,Pacific Division,Pacific Division,2003,Western,Pacific Division
,59,23,.720,—,101.7,95.2,6.68,2003,Western,Sacramento Kings*
,50,32,.610,9.0,100.4,98.0,2.71,2003,Western,Los Angeles Lakers*
,50,32,.610,9.0,95.2,92.5,2.97,2003,Western,Portland Trail Blazers*
,44,38,.537,15.0,95.5,94.4,1.57,2003,Western,Phoenix Suns*
,40,42,.488,19.0,92.1,92.3,0.37,2003,Western,Seattle SuperSonics
,38,44,.463,21.0,102.4,103.6,-0.60,2003,Western,Golden State Warriors
,27,55,.329,32.0,93.8,97.9,-3.45,2003,Western,Los Angeles Clippers
New Jersey Nets*,47,35,.573,—,90.3,87.8,1.88,2004,Eastern,
Miami Heat*,42,40,.512,5.0,90.3,89.7,-0.13,2004,Eastern,
New York Knicks*,39,43,.476,8.0,92.0,93.5,-1.97,2004,Eastern,
Boston Celtics*,36,46,.439,11.0,95.3,96.7,-1.99,2004,Eastern,
Philadelphia 76ers,33,49,.402,14.0,88.0,90.5,-2.95,2004,Eastern,
Washington Wizards,25,57,.305,22.0,91.8,97.4,-6.12,2004,Eastern,
Orlando Magic,21,61,.256,26.0,94.0,101.1,-7.25,2004,Eastern,
Central Division,Central Division,Central Division,Central Division,Central Division,Central Division,Central Division,Central Division,2004,Eastern,
Indiana Pacers*,61,21,.744,—,91.4,85.6,4.93,2004,Eastern,
Detroit Pistons*,54,28,.659,7.0,90.1,84.3,5.04,2004,Eastern,
New Orleans Hornets*,41,41,.500,20.0,91.8,91.9,-0.72,2004,Eastern,
Milwaukee Bucks*,41,41,.500,20.0,98.0,97.0,0.42,2004,Eastern,
Cleveland Cavaliers,35,47,.427,26.0,92.9,95.5,-3.07,2004,Eastern,
Toronto Raptors,33,49,.402,28.0,85.4,88.5,-3.42,2004,Eastern,
Atlanta Hawks,28,54,.341,33.0,92.8,97.5,-5.00,2004,Eastern,
Chicago Bulls,23,59,.280,38.0,89.7,96.0,-6.69,2004,Eastern,
,Midwest Division,Midwest Division,Midwest Division,Midwest Division,Midwest Division,Midwest Division,Midwest Division,2004,Western,Midwest Division
,58,24,.707,—,94.5,89.1,5.86,2004,Western,Minnesota Timberwolves*
,57,25,.695,1.0,91.5,84.3,7.51,2004,Western,San Antonio Spurs*
,52,30,.634,6.0,105.2,100.8,4.86,2004,Western,Dallas Mavericks*
,50,32,.610,8.0,96.7,94.3,2.95,2004,Western,Memphis Grizzlies*
,45,37,.549,13.0,89.8,88.0,2.28,2004,Western,Houston Rockets*
,43,39,.524,15.0,97.2,96.1,1.65,2004,Western,Denver Nuggets*
,42,40,.512,16.0,88.7,89.9,-0.53,2004,Western,Utah Jazz
,Pacific Division,Pacific Division,Pacific Division,Pacific Division,Pacific Division,Pacific Division,Pacific Division,2004,Western,Pacific Division
,56,26,.683,—,98.2,94.3,4.35,2004,Western,Los Angeles Lakers*
,55,27,.671,1.0,102.8,97.8,5.41,2004,Western,Sacramento Kings*
,41,41,.500,15.0,90.7,92.0,-0.58,2004,Western,Portland Trail Blazers
,37,45,.451,19.0,93.3,94.0,-0.07,2004,Western,Golden State Warriors
,37,45,.451,19.0,97.1,97.8,0.02,2004,Western,Seattle SuperSonics
,29,53,.354,27.0,94.2,97.9,-2.94,2004,Western,Phoenix Suns
,28,54,.341,28.0,94.8,99.4,-3.74,2004,Western,Los Angeles Clippers
Boston Celtics*,45,37,.549,—,101.3,100.4,0.35,2005,Eastern,
Philadelphia 76ers*,43,39,.524,2.0,99.1,99.9,-1.07,2005,Eastern,
New Jersey Nets*,42,40,.512,3.0,91.4,92.9,-1.82,2005,Eastern,
Toronto Raptors,33,49,.402,12.0,99.7,101.4,-1.81,2005,Eastern,
New York Knicks,33,49,.402,12.0,97.3,99.7,-2.72,2005,Eastern,
Central Division,Central Division,Central Division,Central Division,Central Division,Central Division,Central Division,Central Division,2005,Eastern,
Detroit Pistons*,54,28,.659,—,93.3,89.5,3.31,2005,Eastern,
Chicago Bulls*,47,35,.573,7.0,94.5,93.4,0.65,2005,Eastern,
Indiana Pacers*,44,38,.537,10.0,93.0,92.2,0.49,2005,Eastern,
Cleveland Cavaliers,42,40,.512,12.0,96.5,95.7,0.27,2005,Eastern,
Milwaukee Bucks,30,52,.366,24.0,97.2,100.2,-3.09,2005,Eastern,
Southeast Division,Southeast Division,Southeast Division,Southeast Division,Southeast Division,Southeast Division,Southeast Division,Southeast Division,2005,Eastern,
Miami Heat*,59,23,.720,—,101.5,95.0,5.77,2005,Eastern,
Washington Wizards*,45,37,.549,14.0,100.5,100.8,-0.71,2005,Eastern,
Orlando Magic,36,46,.439,23.0,99.5,101.8,-2.52,2005,Eastern,
Charlotte Bobcats,18,64,.220,41.0,94.3,100.2,-6.15,2005,Eastern,
Atlanta Hawks,13,69,.159,46.0,92.7,102.5,-9.62,2005,Eastern,
,Northwest Division,Northwest Division,Northwest Division,Northwest Division,Northwest Division,Northwest Division,Northwest Division,2005,Western,Northwest Division
,52,30,.634,—,98.9,96.6,2.59,2005,Western,Seattle SuperSonics*
,49,33,.598,3.0,99.5,97.5,2.23,2005,Western,Denver Nuggets*
,44,38,.537,8.0,96.8,95.3,1.73,2005,Western,Minnesota Timberwolves
,27,55,.329,25.0,92.9,96.9,-3.45,2005,Western,Portland Trail Blazers
,26,56,.317,26.0,93.0,97.3,-3.74,2005,Western,Utah Jazz
,Pacific Division,Pacific Division,Pacific Division,Pacific Division,Pacific Division,Pacific Division,Pacific Division,2005,Western,Pacific Division
,62,20,.756,—,110.4,103.3,7.08,2005,Western,Phoenix Suns*
,50,32,.610,12.0,103.7,101.6,2.56,2005,Western,Sacramento Kings*
,37,45,.451,25.0,95.7,96.5,-0.47,2005,Western,Los Angeles Clippers
,34,48,.415,28.0,98.7,101.7,-2.32,2005,Western,Los Angeles Lakers
,34,48,.415,28.0,98.7,100.9,-1.74,2005,Western,Golden State Warriors
,Southwest Division,Southwest Division,Southwest Division,Southwest Division,Southwest Division,Southwest Division,Southwest Division,2005,Western,Southwest Division
,59,23,.720,—,96.2,88.4,7.84,2005,Western,San Antonio Spurs*
,58,24,.707,1.0,102.5,96.8,5.86,2005,Western,Dallas Mavericks*
,51,31,.622,8.0,95.1,91.0,4.27,2005,Western,Houston Rockets*
,45,37,.549,14.0,93.4,91.1,2.64,2005,Western,Memphis Grizzlies*
,18,64,.220,41.0,88.4,95.5,-6.30,2005,Western,New Orleans Hornets
New Jersey Nets*,49,33,.598,—,93.8,92.4,1.11,2006,Eastern,
Philadelphia 76ers,38,44,.463,11.0,99.4,101.3,-2.10,2006,Eastern,
Boston Celtics,33,49,.402,16.0,98.0,99.5,-1.59,2006,Eastern,
Toronto Raptors,27,55,.329,22.0,101.1,104.0,-3.03,2006,Eastern,
New York Knicks,23,59,.280,26.0,95.6,102.0,-6.30,2006,Eastern,
Central Division,Central Division,Central Division,Central Division,Central Division,Central Division,Central Division,Central Division,2006,Eastern,
Detroit Pistons*,64,18,.780,—,96.8,90.2,6.24,2006,Eastern,
Cleveland Cavaliers*,50,32,.610,14.0,97.6,95.4,2.17,2006,Eastern,
Indiana Pacers*,41,41,.500,23.0,93.9,92.0,1.62,2006,Eastern,
Chicago Bulls*,41,41,.500,23.0,97.8,97.2,0.51,2006,Eastern,
Milwaukee Bucks*,40,42,.488,24.0,97.8,98.8,-1.07,2006,Eastern,
Southeast Division,Southeast Division,Southeast Division,Southeast Division,Southeast Division,Southeast Division,Southeast Division,Southeast Division,2006,Eastern,
Miami Heat*,52,30,.634,—,99.9,96.0,3.59,2006,Eastern,
Washington Wizards*,42,40,.512,10.0,101.7,99.8,1.57,2006,Eastern,
Orlando Magic,36,46,.439,16.0,94.9,96.0,-1.26,2006,Eastern,
Charlotte Bobcats,26,56,.317,26.0,96.9,100.9,-3.90,2006,Eastern,
Atlanta Hawks,26,56,.317,26.0,97.2,102.0,-4.69,2006,Eastern,
,Northwest Division,Northwest Division,Northwest Division,Northwest Division,Northwest Division,Northwest Division,Northwest Division,2006,Western,Northwest Division
,44,38,.537,—,100.3,100.1,0.36,2006,Western,Denver Nuggets*
,41,41,.500,3.0,92.4,95.0,-2.49,2006,Western,Utah Jazz
,35,47,.427,9.0,102.6,105.6,-2.88,2006,Western,Seattle SuperSonics
,33,49,.402,11.0,91.7,93.6,-1.75,2006,Western,Minnesota Timberwolves
,21,61,.256,23.0,88.8,98.3,-8.91,2006,Western,Portland Trail Blazers
,Pacific Division,Pacific Division,Pacific Division,Pacific Division,Pacific Division,Pacific Division,Pacific Division,2006,Western,Pacific Division
,54,28,.659,—,108.4,102.8,5.48,2006,Western,Phoenix Suns*
,47,35,.573,7.0,97.2,95.6,1.75,2006,Western,Los Angeles Clippers*
,45,37,.549,9.0,99.4,96.9,2.53,2006,Western,Los Angeles Lakers*
,44,38,.537,10.0,98.9,97.3,1.61,2006,Western,Sacramento Kings*
,34,48,.415,20.0,98.5,99.8,-1.11,2006,Western,Golden State Warriors
,Southwest Division,Southwest Division,Southwest Division,Southwest Division,Southwest Division,Southwest Division,Southwest Division,2006,Western,Southwest Division
,63,19,.768,—,95.6,88.8,6.69,2006,Western,San Antonio Spurs*
,60,22,.732,3.0,99.1,93.1,5.96,2006,Western,Dallas Mavericks*
,49,33,.598,14.0,92.2,88.5,3.74,2006,Western,Memphis Grizzlies*
,38,44,.463,25.0,92.8,95.6,-2.51,2006,Western,New Orleans/Oklahoma City Hornets
,34,48,.415,29.0,90.1,91.7,-1.30,2006,Western,Houston Rockets
Toronto Raptors*,47,35,.573,—,99.5,98.5,0.61,2007,Eastern,
New Jersey Nets*,41,41,.500,6.0,97.6,98.3,-1.00,2007,Eastern,
Philadelphia 76ers,35,47,.427,12.0,94.9,98.0,-3.26,2007,Eastern,
New York Knicks,33,49,.402,14.0,97.5,100.3,-3.06,2007,Eastern,
Boston Celtics,24,58,.293,23.0,95.8,99.2,-3.70,2007,Eastern,
Central Division,Central Division,Central Division,Central Division,Central Division,Central Division,Central Division,Central Division,2007,Eastern,
Detroit Pistons*,53,29,.646,—,96.0,91.8,3.69,2007,Eastern,
Cleveland Cavaliers*,50,32,.610,3.0,96.8,92.9,3.33,2007,Eastern,
Chicago Bulls*,49,33,.598,4.0,98.8,93.8,4.52,2007,Eastern,
Indiana Pacers,35,47,.427,18.0,95.6,98.0,-2.62,2007,Eastern,
Milwaukee Bucks,28,54,.341,25.0,99.7,104.0,-4.43,2007,Eastern,
Southeast Division,Southeast Division,Southeast Division,Southeast Division,Southeast Division,Southeast Division,Southeast Division,Southeast Division,2007,Eastern,
Miami Heat*,44,38,.537,—,94.6,95.5,-1.21,2007,Eastern,
Washington Wizards*,41,41,.500,3.0,104.3,104.9,-0.80,2007,Eastern,
Orlando Magic*,40,42,.488,4.0,94.8,94.0,0.35,2007,Eastern,
Charlotte Bobcats,33,49,.402,11.0,96.9,100.6,-3.97,2007,Eastern,
Atlanta Hawks,30,52,.366,14.0,93.7,98.4,-4.86,2007,Eastern,
,Northwest Division,Northwest Division,Northwest Division,Northwest Division,Northwest Division,Northwest Division,Northwest Division,2007,Western,Northwest Division
,51,31,.622,—,101.5,98.6,3.06,2007,Western,Utah Jazz*
,45,37,.549,6.0,105.4,103.7,1.69,2007,Western,Denver Nuggets*
,32,50,.390,19.0,94.1,98.4,-3.78,2007,Western,Portland Trail Blazers
,32,50,.390,19.0,96.1,99.7,-3.16,2007,Western,Minnesota Timberwolves
,31,51,.378,20.0,99.1,102.0,-2.45,2007,Western,Seattle SuperSonics
,Pacific Division,Pacific Division,Pacific Division,Pacific Division,Pacific Division,Pacific Division,Pacific Division,2007,Western,Pacific Division
,61,21,.744,—,110.2,102.9,7.28,2007,Western,Phoenix Suns*
,42,40,.512,19.0,103.3,103.4,0.24,2007,Western,Los Angeles Lakers*
,42,40,.512,19.0,106.5,106.9,0.00,2007,Western,Golden State Warriors*
,40,42,.488,21.0,95.6,96.1,-0.07,2007,Western,Los Angeles Clippers
,33,49,.402,28.0,101.3,103.1,-1.35,2007,Western,Sacramento Kings
,Southwest Division,Southwest Division,Southwest Division,Southwest Division,Southwest Division,Southwest Division,Southwest Division,2007,Western,Southwest Division
,67,15,.817,—,100.0,92.8,7.28,2007,Western,Dallas Mavericks*
,58,24,.707,9.0,98.5,90.1,8.35,2007,Western,San Antonio Spurs*
,52,30,.634,15.0,97.0,92.1,5.04,2007,Western,Houston Rockets*
,39,43,.476,28.0,95.5,97.1,-1.19,2007,Western,New Orleans/Oklahoma City Hornets
,22,60,.268,45.0,101.6,106.7,-4.44,2007,Western,Memphis Grizzlies
Boston Celtics*,66,16,.805,—,100.5,90.3,9.30,2008,Eastern,
Toronto Raptors*,41,41,.500,25.0,100.2,97.3,2.47,2008,Eastern,
Philadelphia 76ers*,40,42,.488,26.0,96.6,96.2,0.19,2008,Eastern,
New Jersey Nets,34,48,.415,32.0,95.8,100.9,-5.15,2008,Eastern,
New York Knicks,23,59,.280,43.0,96.9,103.5,-6.55,2008,Eastern,
Central Division,Central Division,Central Division,Central Division,Central Division,Central Division,Central Division,Central Division,2008,Eastern,
Detroit Pistons*,59,23,.720,—,97.5,90.1,6.67,2008,Eastern,
Cleveland Cavaliers*,45,37,.549,14.0,96.4,96.7,-0.53,2008,Eastern,
Indiana Pacers,36,46,.439,23.0,104.0,105.4,-1.87,2008,Eastern,
Chicago Bulls,33,49,.402,26.0,97.3,100.4,-3.19,2008,Eastern,
Milwaukee Bucks,26,56,.317,33.0,97.0,103.9,-6.92,2008,Eastern,
Southeast Division,Southeast Division,Southeast Division,Southeast Division,Southeast Division,Southeast Division,Southeast Division,Southeast Division,2008,Eastern,
Orlando Magic*,52,30,.634,—,104.5,99.0,4.79,2008,Eastern,
Washington Wizards*,43,39,.524,9.0,98.8,99.2,-0.61,2008,Eastern,
Atlanta Hawks*,37,45,.451,15.0,98.2,100.0,-2.23,2008,Eastern,
Charlotte Bobcats,32,50,.390,20.0,97.1,101.4,-4.49,2008,Eastern,
Miami Heat,15,67,.183,37.0,91.4,100.0,-8.53,2008,Eastern,
,Northwest Division,Northwest Division,Northwest Division,Northwest Division,Northwest Division,Northwest Division,Northwest Division,2008,Western,Northwest Division
,54,28,.659,—,106.2,99.3,6.86,2008,Western,Utah Jazz*
,50,32,.610,4.0,110.7,107.0,3.74,2008,Western,Denver Nuggets*
,41,41,.500,13.0,95.4,96.3,-0.52,2008,Western,Portland Trail Blazers
,22,60,.268,32.0,95.6,102.4,-6.26,2008,Western,Minnesota Timberwolves
,20,62,.244,34.0,97.5,106.3,-8.04,2008,Western,Seattle SuperSonics
,Pacific Division,Pacific Division,Pacific Division,Pacific Division,Pacific Division,Pacific Division,Pacific Division,2008,Western,Pacific Division
,57,25,.695,—,108.6,101.3,7.34,2008,Western,Los Angeles Lakers*
,55,27,.671,2.0,110.1,105.0,5.14,2008,Western,Phoenix Suns*
,48,34,.585,9.0,111.0,108.8,2.38,2008,Western,Golden State Warriors
,38,44,.463,19.0,102.5,104.8,-1.86,2008,Western,Sacramento Kings
,23,59,.280,34.0,93.8,101.1,-6.56,2008,Western,Los Angeles Clippers
,Southwest Division,Southwest Division,Southwest Division,Southwest Division,Southwest Division,Southwest Division,Southwest Division,2008,Western,Southwest Division
,56,26,.683,—,100.9,95.6,5.46,2008,Western,New Orleans Hornets*
,56,26,.683,—,95.4,90.6,5.10,2008,Western,San Antonio Spurs*
,55,27,.671,1.0,96.7,92.0,4.83,2008,Western,Houston Rockets*
,51,31,.622,5.0,100.4,95.9,4.70,2008,Western,Dallas Mavericks*
,22,60,.268,34.0,100.7,106.9,-5.76,2008,Western,Memphis Grizzlies
Boston Celtics*,62,20,.756,—,100.9,93.4,7.44,2009,Eastern,
Philadelphia 76ers*,41,41,.500,21.0,97.4,97.3,0.16,2009,Eastern,
New Jersey Nets,34,48,.415,28.0,98.1,100.5,-2.31,2009,Eastern,
Toronto Raptors,33,49,.402,29.0,99.0,101.9,-2.54,2009,Eastern,
New York Knicks,32,50,.390,30.0,105.2,107.8,-2.33,2009,Eastern,
Central Division,Central Division,Central Division,Central Division,Central Division,Central Division,Central Division,Central Division,2009,Eastern,
Cleveland Cavaliers*,66,16,.805,—,100.3,91.4,8.68,2009,Eastern,
Chicago Bulls*,41,41,.500,25.0,102.2,102.5,-0.16,2009,Eastern,
Detroit Pistons*,39,43,.476,27.0,94.2,94.7,-0.36,2009,Eastern,
Indiana Pacers,36,46,.439,30.0,105.1,106.2,-0.76,2009,Eastern,
Milwaukee Bucks,34,48,.415,32.0,99.3,100.4,-0.88,2009,Eastern,
Southeast Division,Southeast Division,Southeast Division,Southeast Division,Southeast Division,Southeast Division,Southeast Division,Southeast Division,2009,Eastern,
Orlando Magic*,59,23,.720,—,101.0,94.4,6.48,2009,Eastern,
Atlanta Hawks*,47,35,.573,12.0,98.1,96.5,1.70,2009,Eastern,
Miami Heat*,43,39,.524,16.0,98.3,98.0,0.49,2009,Eastern,
Charlotte Bobcats,35,47,.427,24.0,93.6,94.9,-1.20,2009,Eastern,
Washington Wizards,19,63,.232,40.0,96.1,103.5,-6.98,2009,Eastern,
,Northwest Division,Northwest Division,Northwest Division,Northwest Division,Northwest Division,Northwest Division,Northwest Division,2009,Western,Northwest Division
,54,28,.659,—,104.3,100.9,3.13,2009,Western,Denver Nuggets*
,54,28,.659,—,99.4,94.1,5.00,2009,Western,Portland Trail Blazers*
,48,34,.585,6.0,103.6,100.9,2.31,2009,Western,Utah Jazz*
,24,58,.293,30.0,97.8,102.7,-4.74,2009,Western,Minnesota Timberwolves
,23,59,.280,31.0,97.0,103.1,-6.04,2009,Western,Oklahoma City Thunder
,Pacific Division,Pacific Division,Pacific Division,Pacific Division,Pacific Division,Pacific Division,Pacific Division,2009,Western,Pacific Division
,65,17,.793,—,106.9,99.3,7.11,2009,Western,Los Angeles Lakers*
,46,36,.561,19.0,109.4,107.5,1.62,2009,Western,Phoenix Suns
,29,53,.354,36.0,108.6,112.3,-3.80,2009,Western,Golden State Warriors
,19,63,.232,46.0,95.1,103.9,-8.47,2009,Western,Los Angeles Clippers
,17,65,.207,48.0,100.6,109.3,-8.60,2009,Western,Sacramento Kings
,Southwest Division,Southwest Division,Southwest Division,Southwest Division,Southwest Division,Southwest Division,Southwest Division,2009,Western,Southwest Division
,54,28,.659,—,97.0,93.3,3.36,2009,Western,San Antonio Spurs*
,53,29,.646,1.0,98.4,94.4,3.73,2009,Western,Houston Rockets*
,50,32,.610,4.0,101.7,99.8,1.68,2009,Western,Dallas Mavericks*
,49,33,.598,5.0,95.8,94.3,1.41,2009,Western,New Orleans Hornets*
,24,58,.293,30.0,93.9,99.3,-5.23,2009,Western,Memphis Grizzlies
Boston Celtics*,50,32,.610,—,99.2,95.6,3.37,2010,Eastern,
Toronto Raptors,40,42,.488,10.0,104.1,105.9,-1.83,2010,Eastern,
New York Knicks,29,53,.354,21.0,102.1,105.9,-4.01,2010,Eastern,
Philadelphia 76ers,27,55,.329,23.0,97.7,101.6,-3.93,2010,Eastern,
New Jersey Nets,12,70,.146,38.0,92.4,101.5,-8.93,2010,Eastern,
Central Division,Central Division,Central Division,Central Division,Central Division,Central Division,Central Division,Central Division,2010,Eastern,
Cleveland Cavaliers*,61,21,.744,—,102.1,95.6,6.17,2010,Eastern,
Milwaukee Bucks*,46,36,.561,15.0,97.7,96.0,1.37,2010,Eastern,
Chicago Bulls*,41,41,.500,20.0,97.5,99.1,-1.64,2010,Eastern,
Indiana Pacers,32,50,.390,29.0,100.8,103.8,-3.11,2010,Eastern,
Detroit Pistons,27,55,.329,34.0,94.0,99.1,-5.02,2010,Eastern,
Southeast Division,Southeast Division,Southeast Division,Southeast Division,Southeast Division,Southeast Division,Southeast Division,Southeast Division,2010,Eastern,
Orlando Magic*,59,23,.720,—,102.8,95.3,7.12,2010,Eastern,
Atlanta Hawks*,53,29,.646,6.0,101.7,97.0,4.44,2010,Eastern,
Miami Heat*,47,35,.573,12.0,96.5,94.2,1.99,2010,Eastern,
Charlotte Bobcats*,44,38,.537,15.0,95.3,93.8,1.30,2010,Eastern,
Washington Wizards,26,56,.317,33.0,96.2,101.0,-4.72,2010,Eastern,
,Northwest Division,Northwest Division,Northwest Division,Northwest Division,Northwest Division,Northwest Division,Northwest Division,2010,Western,Northwest Division
,53,29,.646,—,106.5,102.4,4.15,2010,Western,Denver Nuggets*
,53,29,.646,—,104.2,98.9,5.33,2010,Western,Utah Jazz*
,50,32,.610,3.0,98.1,94.8,3.18,2010,Western,Portland Trail Blazers*
,50,32,.610,3.0,101.5,98.0,3.55,2010,Western,Oklahoma City Thunder*
,15,67,.183,38.0,98.2,107.8,-9.06,2010,Western,Minnesota Timberwolves
,Pacific Division,Pacific Division,Pacific Division,Pacific Division,Pacific Division,Pacific Division,Pacific Division,2010,Western,Pacific Division
,57,25,.695,—,101.7,97.0,4.78,2010,Western,Los Angeles Lakers*
,54,28,.659,3.0,110.2,105.3,4.67,2010,Western,Phoenix Suns*
,29,53,.354,28.0,95.7,102.1,-6.01,2010,Western,Los Angeles Clippers
,26,56,.317,31.0,108.8,112.4,-3.28,2010,Western,Golden State Warriors
,25,57,.305,32.0,100.0,104.4,-4.06,2010,Western,Sacramento Kings
,Southwest Division,Southwest Division,Southwest Division,Southwest Division,Southwest Division,Southwest Division,Southwest Division,2010,Western,Southwest Division
,55,27,.671,—,102.0,99.3,2.66,2010,Western,Dallas Mavericks*
,50,32,.610,5.0,101.4,96.3,5.07,2010,Western,San Antonio Spurs*
,42,40,.512,13.0,102.4,102.7,-0.02,2010,Western,Houston Rockets
,40,42,.488,15.0,102.5,104.0,-1.39,2010,Western,Memphis Grizzlies
,37,45,.451,18.0,100.2,102.7,-2.27,2010,Western,New Orleans Hornets
Boston Celtics*,56,26,.683,—,96.5,91.1,4.83,2011,Eastern,
New York Knicks*,42,40,.512,14.0,106.5,105.7,0.48,2011,Eastern,
Philadelphia 76ers*,41,41,.500,15.0,99.0,97.5,1.01,2011,Eastern,
New Jersey Nets,24,58,.293,32.0,94.2,100.4,-6.28,2011,Eastern,
Toronto Raptors,22,60,.268,34.0,99.1,105.4,-6.28,2011,Eastern,
Central Division,Central Division,Central Division,Central Division,Central Division,Central Division,Central Division,Central Division,2011,Eastern,
Chicago Bulls*,62,20,.756,—,98.6,91.3,6.53,2011,Eastern,
Indiana Pacers*,37,45,.451,25.0,99.8,100.9,-1.38,2011,Eastern,
Milwaukee Bucks,35,47,.427,27.0,91.9,92.7,-1.02,2011,Eastern,
Detroit Pistons,30,52,.366,32.0,97.0,100.6,-3.78,2011,Eastern,
Cleveland Cavaliers,19,63,.232,43.0,95.5,104.5,-8.88,2011,Eastern,
Southeast Division,Southeast Division,Southeast Division,Southeast Division,Southeast Division,Southeast Division,Southeast Division,Southeast Division,2011,Eastern,
Miami Heat*,58,24,.707,—,102.1,94.6,6.76,2011,Eastern,
Orlando Magic*,52,30,.634,6.0,99.2,93.7,4.92,2011,Eastern,
Atlanta Hawks*,44,38,.537,14.0,95.0,95.8,-1.10,2011,Eastern,
Charlotte Bobcats,34,48,.415,24.0,93.3,97.3,-4.08,2011,Eastern,
Washington Wizards,23,59,.280,35.0,97.3,104.7,-7.30,2011,Eastern,
,Northwest Division,Northwest Division,Northwest Division,Northwest Division,Northwest Division,Northwest Division,Northwest Division,2011,Western,Northwest Division
,55,27,.671,—,104.8,101.0,3.81,2011,Western,Oklahoma City Thunder*
,50,32,.610,5.0,107.5,102.7,4.81,2011,Western,Denver Nuggets*
,48,34,.585,7.0,96.3,94.8,1.85,2011,Western,Portland Trail Blazers*
,39,43,.476,16.0,99.4,101.3,-1.44,2011,Western,Utah Jazz
,17,65,.207,38.0,101.1,107.7,-5.97,2011,Western,Minnesota Timberwolves
,Pacific Division,Pacific Division,Pacific Division,Pacific Division,Pacific Division,Pacific Division,Pacific Division,2011,Western,Pacific Division
,57,25,.695,—,101.5,95.4,6.01,2011,Western,Los Angeles Lakers*
,40,42,.488,17.0,105.0,105.9,-0.46,2011,Western,Phoenix Suns
,36,46,.439,21.0,103.4,105.7,-2.00,2011,Western,Golden State Warriors
,32,50,.390,25.0,98.6,101.8,-2.71,2011,Western,Los Angeles Clippers
,24,58,.293,33.0,99.4,104.7,-4.80,2011,Western,Sacramento Kings
,Southwest Division,Southwest Division,Southwest Division,Southwest Division,Southwest Division,Southwest Division,Southwest Division,2011,Western,Southwest Division
,61,21,.744,—,103.7,98.0,5.86,2011,Western,San Antonio Spurs*
,57,25,.695,4.0,100.2,96.0,4.41,2011,Western,Dallas Mavericks*
,46,36,.561,15.0,94.9,94.0,1.28,2011,Western,New Orleans Hornets*
,46,36,.561,15.0,99.9,97.6,2.55,2011,Western,Memphis Grizzlies*
,43,39,.524,18.0,105.9,103.7,2.37,2011,Western,Houston Rockets
Boston Celtics*,39,27,.591,—,91.8,89.3,2.26,2012,Eastern,
New York Knicks*,36,30,.545,3.0,97.8,94.7,2.39,2012,Eastern,
Philadelphia 76ers*,35,31,.530,4.0,93.6,89.4,3.59,2012,Eastern,
Toronto Raptors,23,43,.348,16.0,90.7,94.0,-3.67,2012,Eastern,
New Jersey Nets,22,44,.333,17.0,93.1,99.1,-6.37,2012,Eastern,
Central Division,Central Division,Central Division,Central Division,Central Division,Central Division,Central Division,Central Division,2012,Eastern,
Chicago Bulls*,50,16,.758,—,96.3,88.2,7.43,2012,Eastern,
Indiana Pacers*,42,24,.636,8.0,97.7,94.4,2.60,2012,Eastern,
Milwaukee Bucks,31,35,.470,19.0,99.0,98.7,-0.23,2012,Eastern,
Detroit Pistons,25,41,.379,25.0,90.9,95.7,-5.19,2012,Eastern,
Cleveland Cavaliers,21,45,.318,29.0,93.0,100.2,-7.34,2012,Eastern,
Southeast Division,Southeast Division,Southeast Division,Southeast Division,Southeast Division,Southeast Division,Southeast Division,Southeast Division,2012,Eastern,
Miami Heat*,46,20,.697,—,98.5,92.5,5.72,2012,Eastern,
Atlanta Hawks*,40,26,.606,6.0,96.6,93.2,2.67,2012,Eastern,
Orlando Magic*,37,29,.561,9.0,94.2,93.4,0.46,2012,Eastern,
Washington Wizards,20,46,.303,26.0,93.6,98.4,-5.14,2012,Eastern,
Charlotte Bobcats,7,59,.106,39.0,87.0,100.9,-13.96,2012,Eastern,
,Northwest Division,Northwest Division,Northwest Division,Northwest Division,Northwest Division,Northwest Division,Northwest Division,2012,Western,Northwest Division
,47,19,.712,—,103.1,96.9,6.44,2012,Western,Oklahoma City Thunder*
,38,28,.576,9.0,104.1,101.2,3.16,2012,Western,Denver Nuggets*
,36,30,.545,11.0,99.7,99.0,0.92,2012,Western,Utah Jazz*
,28,38,.424,19.0,97.2,97.8,-0.22,2012,Western,Portland Trail Blazers
,26,40,.394,21.0,97.9,100.1,-1.83,2012,Western,Minnesota Timberwolves
,Pacific Division,Pacific Division,Pacific Division,Pacific Division,Pacific Division,Pacific Division,Pacific Division,2012,Western,Pacific Division
,41,25,.621,—,97.3,95.9,1.96,2012,Western,Los Angeles Lakers*
,40,26,.606,1.0,97.5,95.0,2.82,2012,Western,Los Angeles Clippers*
,33,33,.500,8.0,98.4,98.6,0.29,2012,Western,Phoenix Suns
,23,43,.348,18.0,97.8,101.2,-2.79,2012,Western,Golden State Warriors
,22,44,.333,19.0,98.8,104.4,-4.95,2012,Western,Sacramento Kings
,Southwest Division,Southwest Division,Southwest Division,Southwest Division,Southwest Division,Southwest Division,Southwest Division,2012,Western,Southwest Division
,50,16,.758,—,103.7,96.5,7.28,2012,Western,San Antonio Spurs*
,41,25,.621,9.0,95.0,93.0,2.43,2012,Western,Memphis Grizzlies*
,36,30,.545,14.0,95.8,94.8,1.78,2012,Western,Dallas Mavericks*
,34,32,.515,16.0,98.1,97.9,0.57,2012,Western,Houston Rockets
,21,45,.318,29.0,89.6,93.4,-3.11,2012,Western,New Orleans Hornets
New York Knicks*,54,28,.659,—,100.0,95.7,3.73,2013,Eastern,
Brooklyn Nets*,49,33,.598,5.0,96.9,95.1,1.25,2013,Eastern,
Boston Celtics*,41,40,.506,12.5,96.5,96.7,-0.62,2013,Eastern,
Philadelphia 76ers,34,48,.415,20.0,93.2,96.5,-3.51,2013,Eastern,
Toronto Raptors,34,48,.415,20.0,97.2,98.7,-1.96,2013,Eastern,
Central Division,Central Division,Central Division,Central Division,Central Division,Central Division,Central Division,Central Division,2013,Eastern,
Indiana Pacers*,49,32,.605,—,94.7,90.7,3.34,2013,Eastern,
Chicago Bulls*,45,37,.549,4.5,93.2,92.9,-0.02,2013,Eastern,
Milwaukee Bucks*,38,44,.463,11.5,98.9,100.4,-1.83,2013,Eastern,
Detroit Pistons,29,53,.354,20.5,94.9,98.8,-4.33,2013,Eastern,
Cleveland Cavaliers,24,58,.293,25.5,96.5,101.2,-4.87,2013,Eastern,
Southeast Division,Southeast Division,Southeast Division,Southeast Division,Southeast Division,Southeast Division,Southeast Division,Southeast Division,2013,Eastern,
Miami Heat*,66,16,.805,—,102.9,95.0,7.03,2013,Eastern,
Atlanta Hawks*,44,38,.537,22.0,98.0,97.5,-0.08,2013,Eastern,
Washington Wizards,29,53,.354,37.0,93.2,95.8,-2.78,2013,Eastern,
Charlotte Bobcats,21,61,.256,45.0,93.4,102.7,-9.29,2013,Eastern,
Orlando Magic,20,62,.244,46.0,94.1,101.1,-7.12,2013,Eastern,
,Northwest Division,Northwest Division,Northwest Division,Northwest Division,Northwest Division,Northwest Division,Northwest Division,2013,Western,Northwest Division
,60,22,.732,—,105.7,96.5,9.15,2013,Western,Oklahoma City Thunder*
,57,25,.695,3.0,106.1,101.1,5.37,2013,Western,Denver Nuggets*
,43,39,.524,17.0,98.0,98.1,0.30,2013,Western,Utah Jazz
,33,49,.402,27.0,97.5,100.7,-2.53,2013,Western,Portland Trail Blazers
,31,51,.378,29.0,95.7,98.1,-1.83,2013,Western,Minnesota Timberwolves
,Pacific Division,Pacific Division,Pacific Division,Pacific Division,Pacific Division,Pacific Division,Pacific Division,2013,Western,Pacific Division
,56,26,.683,—,101.1,94.6,6.43,2013,Western,Los Angeles Clippers*
,47,35,.573,9.0,101.2,100.3,1.32,2013,Western,Golden State Warriors*
,45,37,.549,11.0,102.2,101.0,1.48,2013,Western,Los Angeles Lakers*
,28,54,.341,28.0,100.2,105.1,-4.26,2013,Western,Sacramento Kings
,25,57,.305,31.0,95.2,101.6,-5.75,2013,Western,Phoenix Suns
,Southwest Division,Southwest Division,Southwest Division,Southwest Division,Southwest Division,Southwest Division,Southwest Division,2013,Western,Southwest Division
,58,24,.707,—,103.0,96.6,6.67,2013,Western,San Antonio Spurs*
,56,26,.683,2.0,93.4,89.3,4.32,2013,Western,Memphis Grizzlies*
,45,37,.549,13.0,106.0,102.5,3.69,2013,Western,Houston Rockets*
,41,41,.500,17.0,101.1,101.7,-0.24,2013,Western,Dallas Mavericks
,27,55,.329,31.0,94.1,97.9,-3.12,2013,Western,New Orleans Hornets
Toronto Raptors*,48,34,.585,—,101.3,98.0,2.55,2014,Eastern,
Brooklyn Nets*,44,38,.537,4.0,98.5,99.5,-1.58,2014,Eastern,
New York Knicks,37,45,.451,11.0,98.6,99.4,-1.40,2014,Eastern,
Boston Celtics,25,57,.305,23.0,96.2,100.7,-4.97,2014,Eastern,
Philadelphia 76ers,19,63,.232,29.0,99.5,109.9,-10.66,2014,Eastern,
Central Division,Central Division,Central Division,Central Division,Central Division,Central Division,Central Division,Central Division,2014,Eastern,
Indiana Pacers*,56,26,.683,—,96.7,92.3,3.63,2014,Eastern,
Chicago Bulls*,48,34,.585,8.0,93.7,91.8,1.20,2014,Eastern,
Cleveland Cavaliers,33,49,.402,23.0,98.2,101.5,-3.86,2014,Eastern,
Detroit Pistons,29,53,.354,27.0,101.0,104.7,-4.13,2014,Eastern,
Milwaukee Bucks,15,67,.183,41.0,95.5,103.7,-8.41,2014,Eastern,
Southeast Division,Southeast Division,Southeast Division,Southeast Division,Southeast Division,Southeast Division,Southeast Division,Southeast Division,2014,Eastern,
Miami Heat*,54,28,.659,—,102.2,97.4,4.15,2014,Eastern,
Washington Wizards*,44,38,.537,10.0,100.7,99.4,0.48,2014,Eastern,
Charlotte Bobcats*,43,39,.524,11.0,96.9,97.1,-0.89,2014,Eastern,
Atlanta Hawks*,38,44,.463,16.0,101.0,101.5,-0.88,2014,Eastern,
Orlando Magic,23,59,.280,31.0,96.5,102.0,-5.88,2014,Eastern,
,Northwest Division,Northwest Division,Northwest Division,Northwest Division,Northwest Division,Northwest Division,Northwest Division,2014,Western,Northwest Division
,59,23,.720,—,106.2,99.8,6.66,2014,Western,Oklahoma City Thunder*
,54,28,.659,5.0,106.7,102.8,4.44,2014,Western,Portland Trail Blazers*
,40,42,.488,19.0,106.9,104.3,3.10,2014,Western,Minnesota Timberwolves
,36,46,.439,23.0,104.4,106.5,-1.40,2014,Western,Denver Nuggets
,25,57,.305,34.0,95.0,102.2,-6.27,2014,Western,Utah Jazz
,Pacific Division,Pacific Division,Pacific Division,Pacific Division,Pacific Division,Pacific Division,Pacific Division,2014,Western,Pacific Division
,57,25,.695,—,107.9,101.0,7.27,2014,Western,Los Angeles Clippers*
,51,31,.622,6.0,104.3,99.5,5.15,2014,Western,Golden State Warriors*
,48,34,.585,9.0,105.2,102.6,3.02,2014,Western,Phoenix Suns
,28,54,.341,29.0,100.5,103.4,-2.08,2014,Western,Sacramento Kings
,27,55,.329,30.0,103.0,109.2,-5.33,2014,Western,Los Angeles Lakers
,Southwest Division,Southwest Division,Southwest Division,Southwest Division,Southwest Division,Southwest Division,Southwest Division,2014,Western,Southwest Division
,62,20,.756,—,105.4,97.6,8.00,2014,Western,San Antonio Spurs*
,54,28,.659,8.0,107.7,103.1,5.06,2014,Western,Houston Rockets*
,50,32,.610,12.0,96.1,94.6,2.18,2014,Western,Memphis Grizzlies*
,49,33,.598,13.0,104.8,102.4,2.91,2014,Western,Dallas Mavericks*
,34,48,.415,28.0,99.7,102.4,-1.98,2014,Western,New Orleans Pelicans
Toronto Raptors*,49,33,.598,—,104.0,100.9,2.45,2015,Eastern,
Boston Celtics*,40,42,.488,9.0,101.4,101.2,-0.40,2015,Eastern,
Brooklyn Nets*,38,44,.463,11.0,98.0,100.9,-3.13,2015,Eastern,
Philadelphia 76ers,18,64,.220,31.0,92.0,101.0,-9.04,2015,Eastern,
New York Knicks,17,65,.207,32.0,91.9,101.2,-9.50,2015,Eastern,
Central Division,Central Division,Central Division,Central Division,Central Division,Central Division,Central Division,Central Division,2015,Eastern,
Cleveland Cavaliers*,53,29,.646,—,103.1,98.7,4.08,2015,Eastern,
Chicago Bulls*,50,32,.610,3.0,100.8,97.8,2.54,2015,Eastern,
Milwaukee Bucks*,41,41,.500,12.0,97.8,97.4,-0.09,2015,Eastern,
Indiana Pacers,38,44,.463,15.0,97.3,97.0,-0.23,2015,Eastern,
Detroit Pistons,32,50,.390,21.0,98.5,99.5,-1.39,2015,Eastern,
Southeast Division,Southeast Division,Southeast Division,Southeast Division,Southeast Division,Southeast Division,Southeast Division,Southeast Division,2015,Eastern,
Atlanta Hawks*,60,22,.732,—,102.5,97.1,4.75,2015,Eastern,
Washington Wizards*,46,36,.561,14.0,98.5,97.8,0.17,2015,Eastern,
Miami Heat,37,45,.451,23.0,94.7,97.3,-2.92,2015,Eastern,
Charlotte Hornets,33,49,.402,27.0,94.2,97.3,-3.44,2015,Eastern,
Orlando Magic,25,57,.305,35.0,95.7,101.4,-5.87,2015,Eastern,
,Northwest Division,Northwest Division,Northwest Division,Northwest Division,Northwest Division,Northwest Division,Northwest Division,2015,Western,Northwest Division
,51,31,.622,—,102.8,98.6,4.41,2015,Western,Portland Trail Blazers*
,45,37,.549,6.0,104.0,101.8,2.47,2015,Western,Oklahoma City Thunder
,38,44,.463,13.0,95.1,94.9,0.71,2015,Western,Utah Jazz
,30,52,.366,21.0,101.5,105.0,-3.07,2015,Western,Denver Nuggets
,16,66,.195,35.0,97.8,106.5,-8.00,2015,Western,Minnesota Timberwolves
,Pacific Division,Pacific Division,Pacific Division,Pacific Division,Pacific Division,Pacific Division,Pacific Division,2015,Western,Pacific Division
,67,15,.817,—,110.0,99.9,10.01,2015,Western,Golden State Warriors*
,56,26,.683,11.0,106.7,100.1,6.80,2015,Western,Los Angeles Clippers*
,39,43,.476,28.0,102.4,103.3,-0.38,2015,Western,Phoenix Suns
,29,53,.354,38.0,101.3,105.0,-3.07,2015,Western,Sacramento Kings
,21,61,.256,46.0,98.5,105.3,-6.17,2015,Western,Los Angeles Lakers
,Southwest Division,Southwest Division,Southwest Division,Southwest Division,Southwest Division,Southwest Division,Southwest Division,2015,Western,Southwest Division
,56,26,.683,—,103.9,100.5,3.82,2015,Western,Houston Rockets*
,55,27,.671,1.0,98.3,95.1,3.62,2015,Western,Memphis Grizzlies*
,55,27,.671,1.0,103.2,97.0,6.34,2015,Western,San Antonio Spurs*
,50,32,.610,6.0,105.2,102.3,3.36,2015,Western,Dallas Mavericks*
,45,37,.549,11.0,99.4,98.6,1.13,2015,Western,New Orleans Pelicans*
Toronto Raptors*,56,26,.683,—,102.7,98.2,4.08,2016,Eastern,
Boston Celtics*,48,34,.585,8.0,105.7,102.5,2.84,2016,Eastern,
New York Knicks,32,50,.390,24.0,98.4,101.1,-2.74,2016,Eastern,
Brooklyn Nets,21,61,.256,35.0,98.6,106.0,-7.12,2016,Eastern,
Philadelphia 76ers,10,72,.122,46.0,97.4,107.6,-9.92,2016,Eastern,
Central Division,Central Division,Central Division,Central Division,Central Division,Central Division,Central Division,Central Division,2016,Eastern,
Cleveland Cavaliers*,57,25,.695,—,104.3,98.3,5.45,2016,Eastern,
Indiana Pacers*,45,37,.549,12.0,102.2,100.5,1.62,2016,Eastern,
Detroit Pistons*,44,38,.537,13.0,102.0,101.4,0.43,2016,Eastern,
Chicago Bulls,42,40,.512,15.0,101.6,103.1,-1.46,2016,Eastern,
Milwaukee Bucks,33,49,.402,24.0,99.0,103.2,-3.98,2016,Eastern,
Southeast Division,Southeast Division,Southeast Division,Southeast Division,Southeast Division,Southeast Division,Southeast Division,Southeast Division,2016,Eastern,
Miami Heat*,48,34,.585,—,100.0,98.4,1.50,2016,Eastern,
Atlanta Hawks*,48,34,.585,—,102.8,99.2,3.49,2016,Eastern,
Charlotte Hornets*,48,34,.585,—,103.4,100.7,2.36,2016,Eastern,
Washington Wizards,41,41,.500,7.0,104.1,104.6,-0.50,2016,Eastern,
Orlando Magic,35,47,.427,13.0,102.1,103.7,-1.68,2016,Eastern,
,Northwest Division,Northwest Division,Northwest Division,Northwest Division,Northwest Division,Northwest Division,Northwest Division,2016,Western,Northwest Division
,55,27,.671,—,110.2,102.9,7.09,2016,Western,Oklahoma City Thunder*
,44,38,.537,11.0,105.1,104.3,0.98,2016,Western,Portland Trail Blazers*
,40,42,.488,15.0,97.7,95.9,1.84,2016,Western,Utah Jazz
,33,49,.402,22.0,101.9,105.0,-2.81,2016,Western,Denver Nuggets
,29,53,.354,26.0,102.4,106.0,-3.38,2016,Western,Minnesota Timberwolves
,Pacific Division,Pacific Division,Pacific Division,Pacific Division,Pacific Division,Pacific Division,Pacific Division,2016,Western,Pacific Division
,73,9,.890,—,114.9,104.1,10.38,2016,Western,Golden State Warriors*
,53,29,.646,20.0,104.5,100.2,4.13,2016,Western,Los Angeles Clippers*
,33,49,.402,40.0,106.6,109.1,-2.32,2016,Western,Sacramento Kings
,23,59,.280,50.0,100.9,107.5,-6.32,2016,Western,Phoenix Suns
,17,65,.207,56.0,97.3,106.9,-8.92,2016,Western,Los Angeles Lakers
,Southwest Division,Southwest Division,Southwest Division,Southwest Division,Southwest Division,Southwest Division,Southwest Division,2016,Western,Southwest Division
,67,15,.817,—,103.5,92.9,10.28,2016,Western,San Antonio Spurs*
,42,40,.512,25.0,102.3,102.6,-0.02,2016,Western,Dallas Mavericks*
,42,40,.512,25.0,99.1,101.3,-2.14,2016,Western,Memphis Grizzlies*
,41,41,.500,26.0,106.5,106.4,0.34,2016,Western,Houston Rockets*
,30,52,.366,37.0,102.7,106.5,-3.56,2016,Western,New Orleans Pelicans
Boston Celtics*,53,29,.646,—,108.0,105.4,2.25,2017,Eastern,
Toronto Raptors*,51,31,.622,2.0,106.9,102.6,3.65,2017,Eastern,
New York Knicks,31,51,.378,22.0,104.3,108.0,-3.87,2017,Eastern,
Philadelphia 76ers,28,54,.341,25.0,102.4,108.1,-5.83,2017,Eastern,
Brooklyn Nets,20,62,.244,33.0,105.8,112.5,-6.74,2017,Eastern,
Central Division,Central Division,Central Division,Central Division,Central Division,Central Division,Central Division,Central Division,2017,Eastern,
Cleveland Cavaliers*,51,31,.622,—,110.3,107.2,2.87,2017,Eastern,
Milwaukee Bucks*,42,40,.512,9.0,103.6,103.8,-0.45,2017,Eastern,
Indiana Pacers*,42,40,.512,9.0,105.1,105.3,-0.64,2017,Eastern,
Chicago Bulls*,41,41,.500,10.0,102.9,102.4,0.03,2017,Eastern,
Detroit Pistons,37,45,.451,14.0,101.3,102.5,-1.29,2017,Eastern,
Southeast Division,Southeast Division,Southeast Division,Southeast Division,Southeast Division,Southeast Division,Southeast Division,Southeast Division,2017,Eastern,
Washington Wizards*,49,33,.598,—,109.2,107.4,1.36,2017,Eastern,
Atlanta Hawks*,43,39,.524,6.0,103.2,104.0,-1.23,2017,Eastern,
Miami Heat,41,41,.500,8.0,103.2,102.1,0.77,2017,Eastern,
Charlotte Hornets,36,46,.439,13.0,104.9,104.7,-0.07,2017,Eastern,
Orlando Magic,29,53,.354,20.0,101.1,107.6,-6.61,2017,Eastern,
,Northwest Division,Northwest Division,Northwest Division,Northwest Division,Northwest Division,Northwest Division,Northwest Division,2017,Western,Northwest Division
,51,31,.622,—,100.7,96.8,4.00,2017,Western,Utah Jazz*
,47,35,.573,4.0,106.6,105.8,1.14,2017,Western,Oklahoma City Thunder*
,41,41,.500,10.0,107.9,108.5,-0.23,2017,Western,Portland Trail Blazers*
,40,42,.488,11.0,111.7,111.2,0.70,2017,Western,Denver Nuggets
,31,51,.378,20.0,105.6,106.7,-0.64,2017,Western,Minnesota Timberwolves
,Pacific Division,Pacific Division,Pacific Division,Pacific Division,Pacific Division,Pacific Division,Pacific Division,2017,Western,Pacific Division
,67,15,.817,—,115.9,104.3,11.35,2017,Western,Golden State Warriors*
,51,31,.622,16.0,108.7,104.4,4.42,2017,Western,Los Angeles Clippers*
,32,50,.390,35.0,102.8,106.7,-3.29,2017,Western,Sacramento Kings
,26,56,.317,41.0,104.6,111.5,-6.29,2017,Western,Los Angeles Lakers
,24,58,.293,43.0,107.7,113.3,-5.14,2017,Western,Phoenix Suns
,Southwest Division,Southwest Division,Southwest Division,Southwest Division,Southwest Division,Southwest Division,Southwest Division,2017,Western,Southwest Division
,61,21,.744,—,105.3,98.1,7.13,2017,Western,San Antonio Spurs*
,55,27,.671,6.0,115.3,109.6,5.84,2017,Western,Houston Rockets*
,43,39,.524,18.0,100.5,100.0,0.96,2017,Western,Memphis Grizzlies*
,34,48,.415,27.0,104.3,106.4,-1.69,2017,Western,New Orleans Pelicans
,33,49,.402,28.0,97.9,100.8,-2.53,2017,Western,Dallas Mavericks
Toronto Raptors*,59,23,.720,—,111.7,103.9,7.29,2018,Eastern,
Boston Celtics*,55,27,.671,4.0,104.0,100.4,3.23,2018,Eastern,
Philadelphia 76ers*,52,30,.634,7.0,109.8,105.3,4.30,2018,Eastern,
New York Knicks,29,53,.354,30.0,104.5,108.0,-3.53,2018,Eastern,
Brooklyn Nets,28,54,.341,31.0,106.6,110.3,-3.67,2018,Eastern,
Central Division,Central Division,Central Division,Central Division,Central Division,Central Division,Central Division,Central Division,2018,Eastern,
Cleveland Cavaliers*,50,32,.610,—,110.9,109.9,0.59,2018,Eastern,
Indiana Pacers*,48,34,.585,2.0,105.6,104.2,1.18,2018,Eastern,
Milwaukee Bucks*,44,38,.537,6.0,106.5,106.8,-0.45,2018,Eastern,
Detroit Pistons,39,43,.476,11.0,103.8,103.9,-0.26,2018,Eastern,
Chicago Bulls,27,55,.329,23.0,102.9,110.0,-6.84,2018,Eastern,
Southeast Division,Southeast Division,Southeast Division,Southeast Division,Southeast Division,Southeast Division,Southeast Division,Southeast Division,2018,Eastern,
Miami Heat*,44,38,.537,—,103.4,102.9,0.15,2018,Eastern,
Washington Wizards*,43,39,.524,1.0,106.6,106.0,0.53,2018,Eastern,
Charlotte Hornets,36,46,.439,8.0,108.2,108.0,0.07,2018,Eastern,
Orlando Magic,25,57,.305,19.0,103.4,108.2,-4.92,2018,Eastern,
Atlanta Hawks,24,58,.293,20.0,103.4,108.8,-5.30,2018,Eastern,
,Northwest Division,Northwest Division,Northwest Division,Northwest Division,Northwest Division,Northwest Division,Northwest Division,2018,Western,Northwest Division
,49,33,.598,—,105.6,103.0,2.60,2018,Western,Portland Trail Blazers*
,48,34,.585,1.0,107.9,104.4,3.42,2018,Western,Oklahoma City Thunder*
,48,34,.585,1.0,104.1,99.8,4.47,2018,Western,Utah Jazz*
,47,35,.573,2.0,109.5,107.3,2.35,2018,Western,Minnesota Timberwolves*
,46,36,.561,3.0,110.0,108.5,1.57,2018,Western,Denver Nuggets
,Pacific Division,Pacific Division,Pacific Division,Pacific Division,Pacific Division,Pacific Division,Pacific Division,2018,Western,Pacific Division
,58,24,.707,—,113.5,107.5,5.79,2018,Western,Golden State Warriors*
,42,40,.512,16.0,109.0,109.0,0.15,2018,Western,Los Angeles Clippers
,35,47,.427,23.0,108.1,109.6,-1.44,2018,Western,Los Angeles Lakers
,27,55,.329,31.0,98.8,105.8,-6.60,2018,Western,Sacramento Kings
,21,61,.256,37.0,103.9,113.3,-8.80,2018,Western,Phoenix Suns
,Southwest Division,Southwest Division,Southwest Division,Southwest Division,Southwest Division,Southwest Division,Southwest Division,2018,Western,Southwest Division
,65,17,.793,—,112.4,103.9,8.21,2018,Western,Houston Rockets*
,48,34,.585,17.0,111.7,110.4,1.48,2018,Western,New Orleans Pelicans*
,47,35,.573,18.0,102.7,99.8,2.89,2018,Western,San Antonio Spurs*
,24,58,.293,41.0,102.3,105.4,-2.70,2018,Western,Dallas Mavericks
,22,60,.268,43.0,99.3,105.5,-5.81,2018,Western,Memphis Grizzlies
Toronto Raptors*,58,24,.707,—,114.4,108.4,5.49,2019,Eastern,
Philadelphia 76ers*,51,31,.622,7.0,115.2,112.5,2.25,2019,Eastern,
Boston Celtics*,49,33,.598,9.0,112.4,108.0,3.90,2019,Eastern,
Brooklyn Nets*,42,40,.512,16.0,112.2,112.3,-0.40,2019,Eastern,
New York Knicks,17,65,.207,41.0,104.6,113.8,-8.93,2019,Eastern,
Central Division,Central Division,Central Division,Central Division,Central Division,Central Division,Central Division,Central Division,2019,Eastern,
Milwaukee Bucks*,60,22,.732,—,118.1,109.3,8.04,2019,Eastern,
Indiana Pacers*,48,34,.585,12.0,108.0,104.7,2.76,2019,Eastern,
Detroit Pistons*,41,41,.500,19.0,107.0,107.3,-0.56,2019,Eastern,
Chicago Bulls,22,60,.268,38.0,104.9,113.4,-8.32,2019,Eastern,
Cleveland Cavaliers,19,63,.232,41.0,104.5,114.1,-9.39,2019,Eastern,
Southeast Division,Southeast Division,Southeast Division,Southeast Division,Southeast Division,Southeast Division,Southeast Division,Southeast Division,2019,Eastern,
Orlando Magic*,42,40,.512,—,107.3,106.6,0.28,2019,Eastern,
Charlotte Hornets,39,43,.476,3.0,110.7,111.8,-1.32,2019,Eastern,
Miami Heat,39,43,.476,3.0,105.7,105.9,-0.45,2019,Eastern,
Washington Wizards,32,50,.390,10.0,114.0,116.9,-3.30,2019,Eastern,
Atlanta Hawks,29,53,.354,13.0,113.3,119.4,-6.06,2019,Eastern,
,Northwest Division,Northwest Division,Northwest Division,Northwest Division,Northwest Division,Northwest Division,Northwest Division,2019,Western,Northwest Division
,54,28,.659,—,110.7,106.7,4.19,2019,Western,Denver Nuggets*
,53,29,.646,1.0,114.7,110.5,4.43,2019,Western,Portland Trail Blazers*
,50,32,.610,4.0,111.7,106.5,5.28,2019,Western,Utah Jazz*
,49,33,.598,5.0,114.5,111.1,3.56,2019,Western,Oklahoma City Thunder*
,36,46,.439,18.0,112.5,114.0,-1.02,2019,Western,Minnesota Timberwolves
,Pacific Division,Pacific Division,Pacific Division,Pacific Division,Pacific Division,Pacific Division,Pacific Division,2019,Western,Pacific Division
,57,25,.695,—,117.7,111.2,6.42,2019,Western,Golden State Warriors*
,48,34,.585,9.0,115.1,114.3,1.09,2019,Western,Los Angeles Clippers*
,39,43,.476,18.0,114.2,115.3,-0.81,2019,Western,Sacramento Kings
,37,45,.451,20.0,111.8,113.5,-1.33,2019,Western,Los Angeles Lakers
,19,63,.232,38.0,107.5,116.8,-8.61,2019,Western,Phoenix Suns
,Southwest Division,Southwest Division,Southwest Division,Southwest Division,Southwest Division,Southwest Division,Southwest Division,2019,Western,Southwest Division
,53,29,.646,—,113.9,109.1,4.96,2019,Western,Houston Rockets*
,48,34,.585,5.0,111.7,110.0,1.80,2019,Western,San Antonio Spurs*
,33,49,.402,20.0,103.5,106.1,-2.08,2019,Western,Memphis Grizzlies
,33,49,.402,20.0,115.4,116.8,-1.10,2019,Western,New Orleans Pelicans
,33,49,.402,20.0,108.9,110.1,-0.87,2019,Western,Dallas Mavericks
Toronto Raptors*,53,19,.736,—,112.8,106.5,5.97,2020,Eastern,
Boston Celtics*,48,24,.667,5.0,113.7,107.3,5.83,2020,Eastern,
Philadelphia 76ers*,43,30,.589,10.5,110.7,108.4,2.25,2020,Eastern,
Brooklyn Nets*,35,37,.486,18.0,111.8,112.3,-1.01,2020,Eastern,
New York Knicks,21,45,.318,29.0,105.8,112.3,-6.72,2020,Eastern,
Central Division,Central Division,Central Division,Central Division,Central Division,Central Division,Central Division,Central Division,2020,Eastern,
Milwaukee Bucks*,56,17,.767,—,118.7,108.6,9.41,2020,Eastern,
Indiana Pacers*,45,28,.616,11.0,109.4,107.5,1.63,2020,Eastern,
Chicago Bulls,22,43,.338,30.0,106.8,109.9,-4.00,2020,Eastern,
Detroit Pistons,20,46,.303,32.5,107.2,110.8,-4.38,2020,Eastern,
Cleveland Cavaliers,19,46,.292,33.0,106.9,114.8,-7.77,2020,Eastern,
Southeast Division,Southeast Division,Southeast Division,Southeast Division,Southeast Division,Southeast Division,Southeast Division,Southeast Division,2020,Eastern,
Miami Heat*,44,29,.603,—,112.0,109.1,2.59,2020,Eastern,
Orlando Magic*,33,40,.452,11.0,107.3,108.3,-0.93,2020,Eastern,
Charlotte Hornets,23,42,.354,17.0,102.9,109.6,-7.03,2020,Eastern,
Washington Wizards,25,47,.347,18.5,114.4,119.1,-5.24,2020,Eastern,
Atlanta Hawks,20,47,.299,21.0,111.8,119.7,-7.71,2020,Eastern,
,Northwest Division,Northwest Division,Northwest Division,Northwest Division,Northwest Division,Northwest Division,Northwest Division,2020,Western,Northwest Division
,46,27,.630,—,111.3,109.2,2.35,2020,Western,Denver Nuggets*
,44,28,.611,1.5,110.4,108.4,2.33,2020,Western,Oklahoma City Thunder*
,44,28,.611,1.5,111.3,108.8,2.52,2020,Western,Utah Jazz*
,35,39,.473,11.5,115.0,116.1,-0.61,2020,Western,Portland Trail Blazers*
,19,45,.297,22.5,113.3,117.5,-4.02,2020,Western,Minnesota Timberwolves
,Pacific Division,Pacific Division,Pacific Division,Pacific Division,Pacific Division,Pacific Division,Pacific Division,2020,Western,Pacific Division
,52,19,.732,—,113.4,107.6,6.28,2020,Western,Los Angeles Lakers*
,49,23,.681,3.5,116.3,109.9,6.66,2020,Western,Los Angeles Clippers*
,34,39,.466,19.0,113.6,113.4,0.56,2020,Western,Phoenix Suns
,31,41,.431,21.5,110.1,112.1,-1.59,2020,Western,Sacramento Kings
,15,50,.231,34.0,106.3,115.0,-8.12,2020,Western,Golden State Warriors
,Southwest Division,Southwest Division,Southwest Division,Southwest Division,Southwest Division,Southwest Division,Southwest Division,2020,Western,Southwest Division
,44,28,.611,—,117.8,114.8,3.13,2020,Western,Houston Rockets*
,43,32,.573,2.5,117.0,112.1,4.87,2020,Western,Dallas Mavericks*
,34,39,.466,10.5,112.6,113.7,-0.91,2020,Western,Memphis Grizzlies
,32,39,.451,11.5,114.1,115.2,-0.65,2020,Western,San Antonio Spurs
,30,42,.417,14.0,115.8,117.1,-0.55,2020,Western,New Orleans Pelicans
Philadelphia 76ers*,49,23,.681,—,113.6,108.1,5.28,2021,Eastern,
Brooklyn Nets*,48,24,.667,1.0,118.6,114.1,4.24,2021,Eastern,
New York Knicks*,41,31,.569,8.0,107.0,104.7,2.13,2021,Eastern,
Boston Celtics*,36,36,.500,13.0,112.6,111.2,1.32,2021,Eastern,
Toronto Raptors,27,45,.375,22.0,111.3,111.7,-0.54,2021,Eastern,
Central Division,Central Division,Central Division,Central Division,Central Division,Central Division,Central Division,Central Division,2021,Eastern,
Milwaukee Bucks*,46,26,.639,—,120.1,114.2,5.57,2021,Eastern,
Indiana Pacers,34,38,.472,12.0,115.3,115.3,-0.13,2021,Eastern,
Chicago Bulls,31,41,.431,15.0,110.7,111.6,-0.94,2021,Eastern,
Cleveland Cavaliers,22,50,.306,24.0,103.8,112.3,-8.19,2021,Eastern,
Detroit Pistons,20,52,.278,26.0,106.6,111.1,-4.38,2021,Eastern,
Southeast Division,Southeast Division,Southeast Division,Southeast Division,Southeast Division,Southeast Division,Southeast Division,Southeast Division,2021,Eastern,
Atlanta Hawks*,41,31,.569,—,113.7,111.4,2.14,2021,Eastern,
Miami Heat*,40,32,.556,1.0,108.1,108.0,-0.06,2021,Eastern,
Washington Wizards*,34,38,.472,7.0,116.6,118.5,-1.85,2021,Eastern,
Charlotte Hornets,33,39,.458,8.0,109.5,111.4,-1.94,2021,Eastern,
Orlando Magic,21,51,.292,20.0,104.0,113.3,-9.02,2021,Eastern,
,Northwest Division,Northwest Division,Northwest Division,Northwest Division,Northwest Division,Northwest Division,Northwest Division,2021,Western,Northwest Division
,52,20,.722,—,116.4,107.2,8.97,2021,Western,Utah Jazz*
,47,25,.653,5.0,115.1,110.1,4.82,2021,Western,Denver Nuggets*
,42,30,.583,10.0,116.1,114.3,1.81,2021,Western,Portland Trail Blazers*
,23,49,.319,29.0,112.1,117.7,-5.25,2021,Western,Minnesota Timberwolves
,22,50,.306,30.0,105.0,115.6,-10.13,2021,Western,Oklahoma City Thunder
,Pacific Division,Pacific Division,Pacific Division,Pacific Division,Pacific Division,Pacific Division,Pacific Division,2021,Western,Pacific Division
,51,21,.708,—,115.3,109.5,5.67,2021,Western,Phoenix Suns*
,47,25,.653,4.0,114.0,107.8,6.02,2021,Western,Los Angeles Clippers*
,42,30,.583,9.0,109.5,106.8,2.77,2021,Western,Los Angeles Lakers*
,39,33,.542,12.0,113.7,112.7,1.10,2021,Western,Golden State Warriors
,31,41,.431,20.0,113.7,117.4,-3.45,2021,Western,Sacramento Kings
,Southwest Division,Southwest Division,Southwest Division,Southwest Division,Southwest Division,Southwest Division,Southwest Division,2021,Western,Southwest Division
,42,30,.583,—,112.4,110.2,2.26,2021,Western,Dallas Mavericks*
,38,34,.528,4.0,113.3,112.3,1.07,2021,Western,Memphis Grizzlies*
,33,39,.458,9.0,111.1,112.8,-1.58,2021,Western,San Antonio Spurs
,31,41,.431,11.0,114.6,114.9,-0.20,2021,Western,New Orleans Pelicans
,17,55,.236,25.0,108.8,116.7,-7.50,2021,Western,Houston Rockets
Boston Celtics*,51,31,.622,—,111.8,104.5,7.02,2022,Eastern,
Philadelphia 76ers*,51,31,.622,—,109.9,107.3,2.57,2022,Eastern,
Toronto Raptors*,48,34,.585,3.0,109.4,107.1,2.38,2022,Eastern,
Brooklyn Nets*,44,38,.537,7.0,112.9,112.1,0.82,2022,Eastern,
New York Knicks,37,45,.451,14.0,106.5,106.6,-0.01,2022,Eastern,
Central Division,Central Division,Central Division,Central Division,Central Division,Central Division,Central Division,Central Division,2022,Eastern,
Milwaukee Bucks*,51,31,.622,—,115.5,112.1,3.22,2022,Eastern,
Chicago Bulls*,46,36,.561,5.0,111.6,112.0,-0.38,2022,Eastern,
Cleveland Cavaliers,44,38,.537,7.0,107.8,105.7,2.04,2022,Eastern,
Indiana Pacers,25,57,.305,26.0,111.5,114.9,-3.26,2022,Eastern,
Detroit Pistons,23,59,.280,28.0,104.8,112.5,-7.36,2022,Eastern,
Southeast Division,Southeast Division,Southeast Division,Southeast Division,Southeast Division,Southeast Division,Southeast Division,Southeast Division,2022,Eastern,
Miami Heat*,53,29,.646,—,110.0,105.6,4.23,2022,Eastern,
Atlanta Hawks*,43,39,.524,10.0,113.9,112.4,1.55,2022,Eastern,
Charlotte Hornets,43,39,.524,10.0,115.3,114.9,0.53,2022,Eastern,
Washington Wizards,35,47,.427,18.0,108.6,112.0,-3.23,2022,Eastern,
Orlando Magic,22,60,.268,31.0,104.2,112.2,-7.67,2022,Eastern,
,Northwest Division,Northwest Division,Northwest Division,Northwest Division,Northwest Division,Northwest Division,Northwest Division,2022,Western,Northwest Division
,49,33,.598,—,113.6,107.6,5.67,2022,Western,Utah Jazz*
,48,34,.585,1.0,112.7,110.4,2.16,2022,Western,Denver Nuggets*
,46,36,.561,3.0,115.9,113.3,2.53,2022,Western,Minnesota Timberwolves*
,27,55,.329,22.0,106.2,115.1,-8.55,2022,Western,Portland Trail Blazers
,24,58,.293,25.0,103.7,111.8,-7.90,2022,Western,Oklahoma City Thunder
,Pacific Division,Pacific Division,Pacific Division,Pacific Division,Pacific Division,Pacific Division,Pacific Division,2022,Western,Pacific Division
,64,18,.780,—,114.8,107.3,6.94,2022,Western,Phoenix Suns*
,53,29,.646,11.0,111.0,105.5,5.52,2022,Western,Golden State Warriors*
,42,40,.512,22.0,108.4,108.4,0.09,2022,Western,Los Angeles Clippers
,33,49,.402,31.0,112.1,115.1,-3.08,2022,Western,Los Angeles Lakers
,30,52,.366,34.0,110.3,115.8,-5.26,2022,Western,Sacramento Kings
,Southwest Division,Southwest Division,Southwest Division,Southwest Division,Southwest Division,Southwest Division,Southwest Division,2022,Western,Southwest Division
,56,26,.683,—,115.6,109.9,5.37,2022,Western,Memphis Grizzlies*
,52,30,.634,4.0,108.0,104.7,3.12,2022,Western,Dallas Mavericks*
,36,46,.439,20.0,109.3,110.3,-0.84,2022,Western,New Orleans Pelicans*
,34,48,.415,22.0,113.2,113.0,0.02,2022,Western,San Antonio Spurs
,20,62,.244,36.0,109.7,118.2,-8.26,2022,Western,Houston Rockets
Boston Celtics*,57,25,.695,—,117.9,111.4,6.38,2023,Eastern,
Philadelphia 76ers*,54,28,.659,3.0,115.2,110.9,4.37,2023,Eastern,
New York Knicks*,47,35,.573,10.0,116.0,113.1,2.99,2023,Eastern,
Brooklyn Nets*,45,37,.549,12.0,113.4,112.5,1.03,2023,Eastern,
Toronto Raptors,41,41,.500,16.0,112.9,111.4,1.59,2023,Eastern,
Central Division,Central Division,Central Division,Central Division,Central Division,Central Division,Central Division,Central Division,2023,Eastern,
Milwaukee Bucks*,58,24,.707,—,116.9,113.3,3.61,2023,Eastern,
Cleveland Cavaliers*,51,31,.622,7.0,112.3,106.9,5.23,2023,Eastern,
Chicago Bulls,40,42,.488,18.0,113.1,111.8,1.37,2023,Eastern,
Indiana Pacers,35,47,.427,23.0,116.3,119.5,-2.91,2023,Eastern,
Detroit Pistons,17,65,.207,41.0,110.3,118.5,-7.73,2023,Eastern,
Southeast Division,Southeast Division,Southeast Division,Southeast Division,Southeast Division,Southeast Division,Southeast Division,Southeast Division,2023,Eastern,
Miami Heat*,44,38,.537,—,109.5,109.8,-0.13,2023,Eastern,
Atlanta Hawks*,41,41,.500,3.0,118.4,118.1,0.32,2023,Eastern,
Washington Wizards,35,47,.427,9.0,113.2,114.4,-1.06,2023,Eastern,
Orlando Magic,34,48,.415,10.0,111.4,114.0,-2.39,2023,Eastern,
Charlotte Hornets,27,55,.329,17.0,111.0,117.2,-5.89,2023,Eastern,
,Northwest Division,Northwest Division,Northwest Division,Northwest Division,Northwest Division,Northwest Division,Northwest Division,2023,Western,Northwest Division
,53,29,.646,—,115.8,112.5,3.04,2023,Western,Denver Nuggets*
,42,40,.512,11.0,115.8,115.8,-0.22,2023,Western,Minnesota Timberwolves*
,40,42,.488,13.0,117.5,116.4,0.96,2023,Western,Oklahoma City Thunder
,37,45,.451,16.0,117.1,118.0,-1.03,2023,Western,Utah Jazz
,33,49,.402,20.0,113.4,117.4,-3.96,2023,Western,Portland Trail Blazers
,Pacific Division,Pacific Division,Pacific Division,Pacific Division,Pacific Division,Pacific Division,Pacific Division,2023,Western,Pacific Division
,48,34,.585,—,120.7,118.1,2.30,2023,Western,Sacramento Kings*
,45,37,.549,3.0,113.6,111.6,2.08,2023,Western,Phoenix Suns*
,44,38,.537,4.0,113.6,113.1,0.31,2023,Western,Los Angeles Clippers*
,44,38,.537,4.0,118.9,117.1,1.66,2023,Western,Golden State Warriors*
,43,39,.524,5.0,117.2,116.6,0.43,2023,Western,Los Angeles Lakers*
,Southwest Division,Southwest Division,Southwest Division,Southwest Division,Southwest Division,Southwest Division,Southwest Division,2023,Western,Southwest Division
,51,31,.622,—,116.9,113.0,3.60,2023,Western,Memphis Grizzlies*
,42,40,.512,9.0,114.4,112.5,1.63,2023,Western,New Orleans Pelicans
,38,44,.463,13.0,114.2,114.1,-0.14,2023,Western,Dallas Mavericks
,22,60,.268,29.0,110.7,118.6,-7.62,2023,Western,Houston Rockets
,22,60,.268,29.0,113.0,123.1,-9.82,2023,Western,San Antonio Spurs
